zebrafish	human	type	Macrophage_2	Macrophage_3	Macrophage_5	Macrophage_6	Macrophage_7	Macrophage_8	Macrophage_10	M<-->N_11	tnnt2a+Mac_13	p2rx3a+Mac_17	Macrophage_2	Macrophage_3	Macrophage_5	Macrophage_6	Macrophage_7	Macrophage_8	Macrophage_10	M<-->N_11	tnnt2a+Mac_13	p2rx3a+Mac_17
ace2	ACE2	1	0	0	0	0	0	0	0	0	0	0	0	0	0	0	0	0	0	0	0	0
actr2a	ACTR2	1	1	1	1	1	1	1	1	1	1	1	1	1	1	1	1	1	1	1	1	1
actr2b	ACTR2	1	1	1	0	1	0	0	1	0	0	1	1	1	0	1	0	0	1	0	0	1
ada	ADA	1	1	1	1	1	1	1	1	1	0	1	1	1	1	1	1	1	1	1	0	1
adam10a	ADAM10	1	1	1	1	1	1	1	1	1	1	1	1	1	1	1	1	1	1	1	1	1
adam10b	ADAM10	1	0	0	0	0	0	0	0	0	0	0	0	0	0	0	0	0	0	0	0	0
adam12	ADAM12	1	0	0	0	0	0	0	0	0	0	0	0	0	0	0	0	0	0	0	0	0
adam15	ADAM15	1	0	0	0	0	0	0	0	0	0	0	0	0	0	0	0	0	0	0	0	0
adam17b	ADAM17	1	0	0	0	0	0	0	0	0	0	0	0	0	0	0	0	0	0	0	0	0
adam17a	ADAM17	1	1	1	1	1	1	1	1	1	0	1	1	1	1	1	1	1	1	1	0	1
adam23a	ADAM23	1	0	0	0	0	0	0	0	0	0	0	0	0	0	0	0	0	0	0	0	0
adam28	ADAM28	1	1	1	1	1	1	1	1	1	0	0	1	1	1	1	1	1	1	1	0	0
adam9	ADAM9	1	1	1	1	1	1	1	1	1	0	1	1	1	1	1	1	1	1	1	0	1
adcyap1b	ADCYAP1	1	0	0	0	0	0	0	0	0	0	0	0	0	0	0	0	0	0	0	0	0
adipoqa	ADIPOQ	1	0	0	0	0	0	0	0	0	0	0	0	0	0	0	0	0	0	0	0	0
adma	ADM	1	1	1	0	1	0	1	0	1	0	1	1	1	0	1	0	1	0	1	0	1
admb	ADM	1	0	1	0	0	0	0	0	0	0	0	0	1	0	0	0	0	0	0	0	0
adm2a	ADM2	1	0	0	0	0	0	0	0	0	0	0	0	0	0	0	0	0	0	0	0	0
adm2b	ADM2	1	0	0	0	0	0	0	0	0	0	0	0	0	0	0	0	0	0	0	0	0
afdna	AFDN	1	1	0	0	0	0	0	0	0	1	0	1	0	0	0	0	0	0	0	1	0
agrn	AGRN	1	0	0	0	0	0	0	0	0	0	0	0	0	0	0	0	0	0	0	0	0
agt	AGT	1	0	0	0	0	0	0	0	0	0	0	0	0	0	0	0	0	0	0	0	0
agtrap	AGTRAP	1	1	1	1	1	1	1	1	1	1	0	1	1	1	1	1	1	1	1	1	0
ahsg2	AHSG	1	0	0	0	0	0	0	0	0	0	0	0	0	0	0	0	0	0	0	0	0
alkal2b	ALKAL2	1	0	0	0	0	0	0	0	0	0	0	0	0	0	0	0	0	0	0	0	0
alox5ap	ALOX5AP	1	1	1	1	1	1	1	1	1	1	0	1	1	1	1	1	1	1	1	1	0
amh	AMH	1	0	0	0	0	0	0	0	0	0	0	0	0	0	0	0	0	0	0	0	0
angpt1	ANGPT1	1	0	0	0	0	0	0	0	0	0	0	0	0	0	0	0	0	0	0	0	0
angpt2a	ANGPT2	1	0	0	0	0	0	0	0	0	0	0	0	0	0	0	0	0	0	0	0	0
angpt4	ANGPT4	1	0	0	0	0	0	0	0	0	0	0	0	0	0	0	0	0	0	0	0	0
angptl1a	ANGPTL1	1	0	0	0	0	0	0	0	0	0	0	0	0	0	0	0	0	0	0	0	0
angptl4	ANGPTL4	1	1	1	0	0	0	0	0	0	1	0	1	1	0	0	0	0	0	0	1	0
anos1a	ANOS1	1	0	0	0	0	0	0	0	0	0	0	0	0	0	0	0	0	0	0	0	0
anxa1a	ANXA1	1	1	1	1	1	1	1	1	1	1	1	1	1	1	1	1	1	1	1	1	1
anxa1b	ANXA1	1	0	0	0	0	0	0	0	0	0	0	0	0	0	0	0	0	0	0	0	0
apln	APLN	1	0	0	0	0	0	0	0	0	1	0	0	0	0	0	0	0	0	0	1	0
apoa1a	APOA1	1	0	0	0	0	0	0	0	0	0	0	0	0	0	0	0	0	0	0	0	0
apoa1b	APOA1	1	0	0	0	0	0	0	0	0	0	0	0	0	0	0	0	0	0	0	0	0
apoc1	APOC1	1	1	1	1	1	1	1	1	1	1	0	1	1	1	1	1	1	1	1	1	0
apoc2	APOC2	1	0	0	0	0	0	0	0	0	0	0	0	0	0	0	0	0	0	0	0	0
apoda.1	APOD	1	0	0	0	0	0	0	0	0	0	0	0	0	0	0	0	0	0	0	0	0
apodb	APOD	1	0	0	0	0	0	0	0	0	0	0	0	0	0	0	0	0	0	0	0	0
apoeb	APOE	1	1	1	1	1	1	1	1	1	1	1	1	1	1	1	1	1	1	1	1	1
appa	APP	1	1	1	1	1	1	1	1	1	1	1	1	1	1	1	1	1	1	1	1	1
appb	APP	1	1	1	1	1	0	1	0	0	1	0	1	1	1	1	0	1	0	0	1	0
arf6a	ARF6	1	1	1	1	1	1	1	1	1	1	1	1	1	1	1	1	1	1	1	1	1
arf6b	ARF6	1	1	1	1	1	1	1	1	1	1	1	1	1	1	1	1	1	1	1	1	1
arpc5a	ARPC5	1	1	1	1	1	1	1	1	1	1	1	1	1	1	1	1	1	1	1	1	1
arpc5b	ARPC5	1	1	1	1	1	1	1	1	1	1	1	1	1	1	1	1	1	1	1	1	1
asip1	ASIP	1	0	0	0	0	0	0	0	0	0	0	0	0	0	0	0	0	0	0	0	0
zmp:0000001138	B2M	1	0	0	0	0	0	0	0	0	0	0	0	0	0	0	0	0	0	0	0	0
bcan	BCAN	1	0	0	0	0	0	0	0	0	0	0	0	0	0	0	0	0	0	0	0	0
bdnf	BDNF	1	0	0	0	0	0	0	0	0	0	0	0	0	0	0	0	0	0	0	0	0
bgnb	BGN	1	0	0	0	0	0	0	0	0	0	0	0	0	0	0	0	0	0	0	0	0
bmp1a	BMP1	1	0	0	0	0	0	0	0	0	0	0	0	0	0	0	0	0	0	0	0	0
bmp10	BMP10	1	0	0	0	0	0	0	0	0	0	0	0	0	0	0	0	0	0	0	0	0
bmp10l	BMP10	1	0	0	0	0	0	0	0	0	0	0	0	0	0	0	0	0	0	0	0	0
bmp15	BMP15	1	0	0	0	0	0	0	0	0	0	0	0	0	0	0	0	0	0	0	0	0
bmp2b	BMP2	1	0	0	0	0	0	0	0	0	0	0	0	0	0	0	0	0	0	0	0	0
bmp4	BMP4	1	0	0	0	0	0	0	0	0	0	0	0	0	0	0	0	0	0	0	0	0
bmp6	BMP6	1	0	0	0	0	0	0	0	0	1	0	0	0	0	0	0	0	0	0	1	0
bmp7b	BMP7	1	0	0	0	0	0	0	0	0	0	0	0	0	0	0	0	0	0	0	0	0
bmp8a	BMP8A	1	0	0	0	0	0	0	0	0	0	0	0	0	0	0	0	0	0	0	0	0
bsg	BSG	1	1	1	1	1	1	1	1	1	1	1	1	1	1	1	1	1	1	1	1	1
btc	BTC	1	0	0	0	0	0	0	0	0	0	0	0	0	0	0	0	0	0	0	0	0
si:ch211-163l21.7	C1orf194	1	0	0	0	0	0	0	0	0	0	0	0	0	0	0	0	0	0	0	0	0
c1qa	C1QA	1	1	1	1	1	1	1	1	1	1	1	1	1	1	1	1	1	1	1	1	1
c1qtnf1	C1QTNF1	1	0	0	0	0	0	0	0	0	0	0	0	0	0	0	0	0	0	0	0	0
c1qtnf5	C1QTNF5	1	0	0	0	0	0	0	0	0	0	0	0	0	0	0	0	0	0	0	0	0
c3a.4	C3	1	0	0	0	0	0	0	0	0	0	0	0	0	0	0	0	0	0	0	0	0
c3a.6	C3	1	0	0	0	0	0	0	0	0	0	0	0	0	0	0	0	0	0	0	0	0
c3a.5	C3	1	0	0	0	0	0	0	0	0	0	0	0	0	0	0	0	0	0	0	0	0
c3a.1	C3	1	0	0	0	0	0	1	0	0	0	0	0	0	0	0	0	1	0	0	0	0
c4	C4A	1	0	0	0	0	0	0	0	0	0	0	0	0	0	0	0	0	0	0	0	0
calca	CALCB	1	0	0	0	0	0	0	0	0	0	0	0	0	0	0	0	0	0	0	0	0
calm3a	CALM2	1	1	1	1	1	1	1	1	1	1	1	1	1	1	1	1	1	1	1	1	1
calm2a	CALM2	1	1	1	1	1	1	1	1	1	1	1	1	1	1	1	1	1	1	1	1	1
calr	CALR	1	1	1	1	1	1	1	1	1	1	1	1	1	1	1	1	1	1	1	1	1
cxcl32b.1	CCL16	1	0	0	0	0	0	0	0	0	0	0	0	0	0	0	0	0	0	0	0	0
ccl27b	CCL27	1	0	0	0	0	0	0	0	0	0	0	0	0	0	0	0	0	0	0	0	0
ccl35.1	CCL3L3	1	1	1	1	1	1	1	1	1	1	1	1	1	1	1	1	1	1	1	1	1
ccl35.2	CCL3L3	1	1	1	1	1	1	1	1	1	1	1	1	1	1	1	1	1	1	1	1	1
ccn1	CCN1	1	0	0	0	0	0	0	0	0	1	0	0	0	0	0	0	0	0	0	1	0
ccn2a	CCN2	1	0	0	0	0	0	0	0	0	0	0	0	0	0	0	0	0	0	0	0	0
si:dkey-31e10.1	CD200	1	0	0	0	0	0	0	0	0	0	0	0	0	0	0	0	0	0	0	0	0
si:dkey-31e10.5	CD200	1	0	0	0	0	0	0	0	0	0	0	0	0	0	0	0	0	0	0	0	0
si:ch211-286o17.1	CD34	1	0	0	0	0	0	0	0	0	0	0	0	0	0	0	0	0	0	0	0	0
si:dkey-261h17.1	CD34	1	0	0	0	0	0	0	0	0	0	0	0	0	0	0	0	0	0	0	0	0
si:dkey-14d8.20	CD5L	1	0	0	0	0	0	0	0	0	0	0	0	0	0	0	0	0	0	0	0	0
si:ch211-51a6.2	CD5L	1	0	0	0	0	0	0	0	0	0	0	0	0	0	0	0	0	0	0	0	0
si:ch73-127m5.1	CD5L	1	0	0	0	0	0	0	0	0	0	0	0	0	0	0	0	0	0	0	0	0
cd99	CD99	1	1	1	1	1	1	1	1	1	1	1	1	1	1	1	1	1	1	1	1	1
si:dkey-30c15.12	CDH1	1	0	0	0	0	0	0	0	0	0	0	0	0	0	0	0	0	0	0	0	0
si:dkey-11o1.7	CEACAM1	1	0	0	0	0	0	0	0	0	0	0	0	0	0	0	0	0	0	0	0	0
cel.2	CEL	1	0	0	0	0	0	0	0	0	0	0	0	0	0	0	0	0	0	0	0	0
cgna	CGN	1	0	0	0	0	0	0	0	0	0	0	0	0	0	0	0	0	0	0	0	0
cgnb	CGN	1	0	0	0	0	0	0	0	0	0	0	0	0	0	0	0	0	0	0	0	0
clcf1	CLCF1	1	0	0	0	0	0	0	0	0	0	0	0	0	0	0	0	0	0	0	0	0
clec11a	CLEC11A	1	0	0	0	0	0	0	0	0	0	0	0	0	0	0	0	0	0	0	0	0
BX682234.1	CLEC2B	1	0	0	1	0	0	0	1	1	0	1	0	0	1	0	0	0	1	1	0	1
si:ch211-193e13.5	CLEC2B	1	0	1	1	1	1	1	1	1	1	1	0	1	1	1	1	1	1	1	1	1
m17	CNTF	1	1	0	1	1	1	1	0	1	0	0	1	0	1	1	1	1	0	1	0	0
robo4	CNTN2	1	1	1	1	1	1	1	1	1	1	0	1	1	1	1	1	1	1	1	1	0
cntn3b	CNTN4	1	0	0	0	0	0	0	0	0	0	0	0	0	0	0	0	0	0	0	0	0
col11a1b	COL11A1	1	0	0	0	0	0	0	0	0	0	0	0	0	0	0	0	0	0	0	0	0
col11a1a	COL11A1	1	0	0	0	0	0	0	0	0	0	0	0	0	0	0	0	0	0	0	0	0
col14a1a	COL14A1	1	0	0	0	0	0	0	0	0	0	0	0	0	0	0	0	0	0	0	0	0
col18a1b	COL18A1	1	0	0	0	0	0	0	0	0	0	0	0	0	0	0	0	0	0	0	0	0
col18a1a	COL18A1	1	0	0	0	0	0	0	0	0	0	0	0	0	0	0	0	0	0	0	0	0
col1a1a	COL1A1	1	0	1	0	0	0	0	0	0	0	0	0	1	0	0	0	0	0	0	0	0
col1a1b	COL1A1	1	0	0	0	0	0	0	0	0	1	0	0	0	0	0	0	0	0	0	1	0
col1a2	COL1A2	1	0	0	0	0	0	0	0	0	0	0	0	0	0	0	0	0	0	0	0	0
col2a1b	COL2A1	1	0	0	0	0	0	0	0	0	0	0	0	0	0	0	0	0	0	0	0	0
col4a1	COL4A1	1	0	0	0	0	0	0	0	0	0	0	0	0	0	0	0	0	0	0	0	0
col4a2	COL4A2	1	0	0	0	0	0	0	0	0	0	0	0	0	0	0	0	0	0	0	0	0
col5a1	COL5A1	1	0	0	0	0	0	0	0	0	0	0	0	0	0	0	0	0	0	0	0	0
col5a2a	COL5A2	1	0	0	0	0	0	0	0	0	0	0	0	0	0	0	0	0	0	0	0	0
col6a1	COL6A1	1	0	0	0	0	0	0	0	0	0	0	0	0	0	0	0	0	0	0	0	0
col6a2	COL6A2	1	0	0	0	0	0	0	0	0	0	0	0	0	0	0	0	0	0	0	0	0
col6a3	COL6A3	1	0	0	0	0	0	0	0	0	0	0	0	0	0	0	0	0	0	0	0	0
col8a1b	COL8A1	1	0	0	0	0	0	0	0	0	0	0	0	0	0	0	0	0	0	0	0	0
col9a1a	COL9A1	1	0	0	0	0	0	0	0	0	0	0	0	0	0	0	0	0	0	0	0	0
col9a2	COL9A2	1	0	0	0	0	0	0	0	0	0	0	0	0	0	0	0	0	0	0	0	0
colq	COLQ	1	0	0	0	0	0	0	0	0	0	0	0	0	0	0	0	0	0	0	0	0
wu:fc38h03	COLQ	1	0	0	0	0	0	0	0	0	0	0	0	0	0	0	0	0	0	0	0	0
comp	COMP	1	0	0	0	0	0	0	0	0	0	0	0	0	0	0	0	0	0	0	0	0
cp	CP	1	0	0	0	0	0	0	0	0	0	0	0	0	0	0	0	0	0	0	0	0
cpamd8	CPAMD8	1	0	0	0	0	0	0	0	0	0	0	0	0	0	0	0	0	0	0	0	0
csf1b	CSF1	1	0	0	0	0	0	0	0	0	0	0	0	0	0	0	0	0	0	0	0	0
csf1a	CSF1	1	0	0	0	0	0	0	0	0	0	0	0	0	0	0	0	0	0	0	0	0
csf3a	CSF3	1	0	1	1	1	1	1	0	1	0	0	0	1	1	1	1	1	0	1	0	0
csf3b	CSF3	1	1	1	1	1	1	1	1	1	0	0	1	1	1	1	1	1	1	1	0	0
cthrc1a	CTHRC1	1	0	0	0	0	0	0	0	0	0	0	0	0	0	0	0	0	0	0	0	0
cubn	CUBN	1	0	0	0	0	0	0	0	0	0	0	0	0	0	0	0	0	0	0	0	0
cxcl12a	CXCL12	1	0	0	0	0	0	0	0	0	0	0	0	0	0	0	0	0	0	0	0	0
cxcl12b	CXCL12	1	0	0	0	0	0	0	0	0	0	0	0	0	0	0	0	0	0	0	0	0
cxcl14	CXCL14	1	0	0	0	0	0	0	0	0	0	0	0	0	0	0	0	0	0	0	0	0
cxcl11.8	CXCL9	1	0	0	0	0	0	0	0	0	0	0	0	0	0	0	0	0	0	0	0	0
cxcl11.6	CXCL9	1	0	0	0	0	0	0	0	1	0	1	0	0	0	0	0	0	0	1	0	1
cxcl11.5	CXCL9	1	0	1	0	0	0	0	1	1	0	1	0	1	0	0	0	0	1	1	0	1
BX323596.1	CXCL9	1	0	1	0	0	1	0	1	1	0	1	0	1	0	0	1	0	1	1	0	1
BX323596.2	CXCL9	1	1	1	1	1	1	1	1	1	1	1	1	1	1	1	1	1	1	1	1	1
dcn	DCN	1	0	0	0	0	0	0	0	0	0	0	0	0	0	0	0	0	0	0	0	0
ihhb	DHH	1	0	0	0	0	0	0	0	0	0	0	0	0	0	0	0	0	0	0	0	0
dkk3a	DKK3	1	0	0	0	0	0	0	0	0	0	0	0	0	0	0	0	0	0	0	0	0
dkk3b	DKK3	1	0	0	0	0	0	0	0	0	0	0	0	0	0	0	0	0	0	0	0	0
dld	DLL1	1	0	0	0	0	0	0	0	0	0	0	0	0	0	0	0	0	0	0	0	0
dsc2l	DSC2	1	1	1	0	1	1	1	0	1	0	0	1	1	0	1	1	1	0	1	0	0
ebi3	EBI3	1	0	0	0	0	0	0	0	0	0	0	0	0	0	0	0	0	0	0	0	0
ecm1b	ECM1	1	0	0	1	1	0	1	0	1	0	0	0	0	1	1	0	1	0	1	0	0
ecm1a	ECM1	1	0	0	0	0	0	0	0	0	0	0	0	0	0	0	0	0	0	0	0	0
eda	EDA	1	0	0	0	1	0	0	0	0	0	1	0	0	0	1	0	0	0	0	0	1
edil3a	EDIL3	1	0	0	0	0	0	0	0	0	0	0	0	0	0	0	0	0	0	0	0	0
edn1	EDN1	1	0	0	0	0	0	0	0	0	0	0	0	0	0	0	0	0	0	0	0	0
edn2	EDN2	1	0	0	0	0	0	0	0	0	0	0	0	0	0	0	0	0	0	0	0	0
si:ch73-173h19.3	EFEMP1	1	0	0	0	0	0	0	0	0	0	0	0	0	0	0	0	0	0	0	0	0
efemp2a	EFEMP2	1	0	0	0	0	0	0	0	0	1	0	0	0	0	0	0	0	0	0	1	0
efemp2b	EFEMP2	1	0	0	0	0	0	0	0	0	0	0	0	0	0	0	0	0	0	0	0	0
efna1b	EFNA1	1	0	0	0	0	0	0	0	0	0	0	0	0	0	0	0	0	0	0	0	0
efna1a	EFNA1	1	0	0	0	0	0	0	0	0	0	0	0	0	0	0	0	0	0	0	0	0
efna2a	EFNA2	1	0	0	0	0	0	0	0	0	0	0	0	0	0	0	0	0	0	0	0	0
efna2b	EFNA2	1	0	0	0	0	0	0	0	0	0	0	0	0	0	0	0	0	0	0	0	0
efna3b	EFNA3	1	0	0	0	0	0	0	0	0	0	0	0	0	0	0	0	0	0	0	0	0
efna5b	EFNA5	1	0	0	0	0	0	0	0	0	0	0	0	0	0	0	0	0	0	0	0	0
efna5a	EFNA5	1	0	0	0	0	0	0	0	0	0	0	0	0	0	0	0	0	0	0	0	0
efnb1	EFNB1	1	0	0	0	0	0	0	0	0	0	0	0	0	0	0	0	0	0	0	0	0
efnb2a	EFNB2	1	0	0	0	1	0	0	0	1	0	0	0	0	0	1	0	0	0	1	0	0
efnb3b	EFNB3	1	0	0	0	0	0	0	0	0	0	0	0	0	0	0	0	0	0	0	0	0
efnb3a	EFNB3	1	0	0	0	0	0	0	0	0	0	0	0	0	0	0	0	0	0	0	0	0
egf	EGF	1	0	0	0	0	0	0	0	0	0	0	0	0	0	0	0	0	0	0	0	0
epoa	EPO	1	0	0	0	0	0	0	0	0	1	0	0	0	0	0	0	0	0	0	1	0
epob	EPO	1	0	0	0	0	0	0	0	0	0	0	0	0	0	0	0	0	0	0	0	0
f10	F10	1	0	0	0	0	0	0	0	0	0	0	0	0	0	0	0	0	0	0	0	0
f13a1b	F13A1	1	1	1	1	1	1	1	1	1	1	1	1	1	1	1	1	1	1	1	1	1
f13a1a.1	F13A1	1	1	1	1	1	0	0	1	1	1	0	1	1	1	1	0	0	1	1	1	0
f7l	F7	1	0	0	0	0	0	0	0	0	0	0	0	0	0	0	0	0	0	0	0	0
fadd	FADD	1	0	0	0	0	0	0	0	0	0	0	0	0	0	0	0	0	0	0	0	0
fam3c	FAM3C	1	1	1	1	1	1	1	1	1	0	1	1	1	1	1	1	1	1	1	0	1
farp2	FARP2	1	0	0	0	0	0	0	0	0	1	0	0	0	0	0	0	0	0	0	1	0
faslg	FASLG	1	0	0	0	0	0	0	0	0	0	0	0	0	0	0	0	0	0	0	0	0
FAT4	FAT4	1	0	0	0	0	0	0	0	0	0	0	0	0	0	0	0	0	0	0	0	0
fbln1	FBLN1	1	0	0	0	0	0	0	0	0	0	0	0	0	0	0	0	0	0	0	0	0
fbln2	FBLN2	1	0	0	0	0	0	0	0	0	0	0	0	0	0	0	0	0	0	0	0	0
angptl2b	FGA	1	0	0	0	0	0	0	0	0	0	0	0	0	0	0	0	0	0	0	0	0
fgb	FGB	1	0	0	0	0	0	0	0	0	0	0	0	0	0	0	0	0	0	0	0	0
fgf10b	FGF10	1	0	0	0	0	0	0	0	0	0	0	0	0	0	0	0	0	0	0	0	0
fgf12a	FGF12	1	0	0	0	0	0	0	0	0	0	0	0	0	0	0	0	0	0	0	0	0
fgf12b	FGF12	1	0	0	0	0	0	0	0	0	0	0	0	0	0	0	0	0	0	0	0	0
fgf13a	FGF13	1	0	0	0	0	0	0	0	0	0	0	0	0	0	0	0	0	0	0	0	0
fgf18a	FGF18	1	0	0	0	0	0	0	0	0	0	0	0	0	0	0	0	0	0	0	0	0
fgf18b	FGF18	1	0	0	0	0	0	0	0	0	0	0	0	0	0	0	0	0	0	0	0	0
fgf3	FGF3	1	0	0	0	0	0	0	0	0	0	0	0	0	0	0	0	0	0	0	0	0
fgf4	FGF4	1	0	0	0	0	0	0	0	0	0	0	0	0	0	0	0	0	0	0	0	0
fgf6a	FGF6	1	0	0	0	0	0	0	0	0	0	0	0	0	0	0	0	0	0	0	0	0
fgf7	FGF7	1	0	0	0	0	0	0	0	0	0	0	0	0	0	0	0	0	0	0	0	0
fn1b	FN1	1	0	1	0	0	0	0	0	1	1	0	0	1	0	0	0	0	0	1	1	0
fn1a	FN1	1	1	1	1	1	1	1	1	1	1	0	1	1	1	1	1	1	1	1	1	0
fsta	FST	1	0	0	0	0	0	0	0	0	0	0	0	0	0	0	0	0	0	0	0	0
fyna	FYN	1	0	0	0	0	0	0	0	0	0	0	0	0	0	0	0	0	0	0	0	0
gad1a	GAD1	1	0	0	0	0	0	0	0	0	0	0	0	0	0	0	0	0	0	0	0	0
galn	GAL	1	0	0	0	0	0	0	0	0	0	0	0	0	0	0	0	0	0	0	0	0
gas6	GAS6	1	0	0	0	0	0	0	0	0	0	0	0	0	0	0	0	0	0	0	0	0
gcgb	GCG	1	0	0	0	0	0	0	0	0	0	0	0	0	0	0	0	0	0	0	0	0
gcga	GCG	1	0	0	0	0	0	0	0	0	0	0	0	0	0	0	0	0	0	0	0	0
gdf7	GDF7	1	0	0	0	0	0	0	0	0	0	0	0	0	0	0	0	0	0	0	0	0
gdf9	GDF9	1	0	0	0	0	0	0	0	0	0	0	0	0	0	0	0	0	0	0	0	0
gnai2b	GNAI2	1	1	1	1	1	1	1	1	1	1	1	1	1	1	1	1	1	1	1	1	1
gnai2a	GNAI2	1	1	1	1	1	1	1	1	1	1	1	1	1	1	1	1	1	1	1	1	1
gnas	GNAS	1	1	1	1	1	1	1	1	1	1	1	1	1	1	1	1	1	1	1	1	1
gnb3a	GNB3	1	0	0	0	0	0	0	0	0	0	0	0	0	0	0	0	0	0	0	0	0
gnrh3	GNRH2	1	0	0	0	0	0	0	0	0	0	0	0	0	0	0	0	0	0	0	0	0
gpc3	GPC3	1	0	0	0	0	0	0	0	0	0	0	0	0	0	0	0	0	0	0	0	0
gpib	GPI	1	0	0	0	0	0	0	0	0	1	0	0	0	0	0	0	0	0	0	1	0
gpia	GPI	1	1	1	1	1	1	1	1	1	1	1	1	1	1	1	1	1	1	1	1	1
grn1	GRN	1	1	1	1	1	1	1	1	1	1	1	1	1	1	1	1	1	1	1	1	1
grn2	GRN	1	1	1	1	1	1	1	1	1	1	1	1	1	1	1	1	1	1	1	1	1
gsto1	GSTO1	1	0	0	0	0	0	0	0	0	0	0	0	0	0	0	0	0	0	0	0	0
gsto2	GSTO1	1	1	1	1	1	1	1	1	1	1	0	1	1	1	1	1	1	1	1	1	0
has2	HAS2	1	0	0	0	0	0	0	0	0	0	0	0	0	0	0	0	0	0	0	0	0
hbegfa	HBEGF	1	1	1	1	1	1	1	1	1	1	1	1	1	1	1	1	1	1	1	1	1
hbegfb	HBEGF	1	1	1	1	1	1	1	1	1	1	0	1	1	1	1	1	1	1	1	1	0
hcrt	HCRT	1	0	0	0	0	0	0	0	0	0	0	0	0	0	0	0	0	0	0	0	0
hdc	HDC	1	0	0	0	0	0	0	0	0	0	0	0	0	0	0	0	0	0	0	0	0
hgfa	HGF	1	0	0	0	0	0	0	0	0	0	0	0	0	0	0	0	0	0	0	0	0
hgfb	HGF	1	1	0	1	0	0	0	0	0	0	0	1	0	1	0	0	0	0	0	0	0
CR339041.3	HLA-E	1	0	0	0	0	0	0	0	0	0	0	0	0	0	0	0	0	0	0	0	0
mhc1lia	HLA-E	1	0	0	0	0	0	0	0	0	0	0	0	0	0	0	0	0	0	0	0	0
hmgb1b	HMGB1	1	0	0	0	0	1	0	1	0	1	1	0	0	0	0	1	0	1	0	1	1
hmgb1a	HMGB1	1	1	1	1	1	1	1	1	1	1	1	1	1	1	1	1	1	1	1	1	1
hpxb	HPX	1	0	0	0	0	0	0	0	0	0	0	0	0	0	0	0	0	0	0	0	0
hrasb	HRAS	1	0	0	0	0	0	0	0	0	1	1	0	0	0	0	0	0	0	0	1	1
hrasa	HRAS	1	0	0	0	0	0	0	0	0	0	0	0	0	0	0	0	0	0	0	0	0
hsp90aa1.2	HSP90AA1	1	1	1	1	1	1	1	1	1	1	1	1	1	1	1	1	1	1	1	1	1
hsp90b1	HSP90B1	1	1	1	1	1	1	1	1	1	1	1	1	1	1	1	1	1	1	1	1	1
hspa4b	HSPA4	1	1	1	1	1	1	1	1	1	1	1	1	1	1	1	1	1	1	1	1	1
hspa4a	HSPA4	1	1	1	1	1	1	1	1	1	1	1	1	1	1	1	1	1	1	1	1	1
hspa8	HSPA8	1	1	1	1	1	1	1	1	1	1	1	1	1	1	1	1	1	1	1	1	1
hspg2	HSPG2	1	1	1	0	0	0	0	0	0	0	0	1	1	0	0	0	0	0	0	0	0
sc:d0202	ICAM3	1	0	0	0	0	0	0	0	0	0	0	0	0	0	0	0	0	0	0	0	0
si:ch211-66e2.3	ICAM3	1	1	1	1	1	1	1	1	1	1	1	1	1	1	1	1	1	1	1	1	1
si:ch211-66e2.5	ICAM3	1	0	0	0	0	0	0	0	0	0	0	0	0	0	0	0	0	0	0	0	0
si:ch73-208g10.1	ICAM3	1	0	1	1	1	1	1	1	1	0	1	0	1	1	1	1	1	1	1	0	1
icam3	ICAM3	1	1	1	1	1	1	1	1	1	1	1	1	1	1	1	1	1	1	1	1	1
si:ch211-74m13.1	ICAM3	1	0	0	0	0	0	0	0	0	0	0	0	0	0	0	0	0	0	0	0	0
ifnphi3	IFNA13	1	0	0	0	0	0	0	0	0	0	0	0	0	0	0	0	0	0	0	0	0
ifnphi2	IFNA13	1	0	0	0	0	0	0	0	0	0	0	0	0	0	0	0	0	0	0	0	0
ifng1	IFNG	1	0	0	0	0	0	0	0	0	0	0	0	0	0	0	0	0	0	0	0	0
igf1	IGF1	1	0	0	0	0	0	0	0	0	0	0	0	0	0	0	0	0	0	0	0	0
igf2a	IGF2	1	0	0	0	0	0	0	0	0	0	0	0	0	0	0	0	0	0	0	0	0
igf2b	IGF2	1	1	1	1	1	1	1	1	1	1	0	1	1	1	1	1	1	1	1	1	0
dhh	IHH	1	0	0	0	0	0	0	0	0	0	0	0	0	0	0	0	0	0	0	0	0
il10	IL10	1	0	0	0	0	0	0	0	0	0	0	0	0	0	0	0	0	0	0	0	0
il11a	IL11	1	0	0	0	0	0	0	0	0	0	0	0	0	0	0	0	0	0	0	0	0
il11b	IL11	1	0	0	0	1	0	0	0	1	0	0	0	0	0	1	0	0	0	1	0	0
zmp:0000001127	IL12A	1	0	0	0	0	0	0	0	0	0	0	0	0	0	0	0	0	0	0	0	0
il12a	IL12A	1	0	0	0	0	0	0	0	0	0	0	0	0	0	0	0	0	0	0	0	0
il12ba	IL12B	1	1	0	0	0	0	0	0	1	0	0	1	0	0	0	0	0	0	1	0	0
il12bb	IL12B	1	0	0	0	0	0	0	0	0	0	0	0	0	0	0	0	0	0	0	0	0
il15	IL15	1	0	0	0	0	0	0	0	1	0	0	0	0	0	0	0	0	0	1	0	0
il15l	IL15	1	0	0	0	0	0	0	0	1	0	1	0	0	0	0	0	0	0	1	0	1
il16	IL16	1	1	1	1	1	1	1	1	1	1	1	1	1	1	1	1	1	1	1	1	1
si:dkey-66g10.2	IL17F	1	0	0	0	0	0	0	0	0	0	0	0	0	0	0	0	0	0	0	0	0
il1b	IL1B	1	1	1	1	1	1	1	1	1	1	1	1	1	1	1	1	1	1	1	1	1
inhbab	INHBA	1	0	0	0	0	0	0	0	0	0	0	0	0	0	0	0	0	0	0	0	0
inhbaa	INHBA	1	0	1	1	1	1	1	0	1	0	0	0	1	1	1	1	1	0	1	0	0
inhbb	INHBB	1	0	0	0	0	0	0	0	0	0	0	0	0	0	0	0	0	0	0	0	0
irak4	IRAK4	1	0	0	0	1	0	0	1	0	0	0	0	0	0	1	0	0	1	0	0	0
itih2	ITIH2	1	0	0	0	0	0	0	0	0	0	0	0	0	0	0	0	0	0	0	0	0
jag1a	JAG2	1	0	0	0	0	0	0	0	0	0	0	0	0	0	0	0	0	0	0	0	0
jag2b	JAG2	1	0	0	0	0	0	0	0	0	0	1	0	0	0	0	0	0	0	0	0	1
dll4	JAG2	1	0	0	0	0	0	0	0	0	0	0	0	0	0	0	0	0	0	0	0	0
jag1b	JAG2	1	0	0	0	0	0	0	0	0	0	1	0	0	0	0	0	0	0	0	0	1
jam3a	JAM3	1	0	0	0	0	0	0	0	0	1	0	0	0	0	0	0	0	0	0	1	0
jam3b	JAM3	1	0	0	0	0	0	0	0	0	1	0	0	0	0	0	0	0	0	0	1	0
kitlga	KITLG	1	1	1	1	1	0	1	1	1	0	0	1	1	1	1	0	1	1	1	0	0
l1cama	L1CAM	1	0	0	0	0	0	0	0	0	0	0	0	0	0	0	0	0	0	0	0	0
CABZ01092781.1	LAMA2	1	0	0	0	0	0	0	0	0	0	0	0	0	0	0	0	0	0	0	0	0
si:ch211-241e1.3	LAMA3	1	0	0	0	0	0	0	0	0	0	0	0	0	0	0	0	0	0	0	0	0
lama3	LAMA3	1	0	0	0	0	0	0	0	0	0	0	0	0	0	0	0	0	0	0	0	0
lama5	LAMA5	1	0	0	0	0	0	0	0	0	0	0	0	0	0	0	0	0	0	0	0	0
lamb1b	LAMB1	1	1	0	0	0	0	0	0	0	0	0	1	0	0	0	0	0	0	0	0	0
lamb1a	LAMB1	1	0	0	0	0	0	0	0	0	0	0	0	0	0	0	0	0	0	0	0	0
lamb2	LAMB2	1	0	0	0	0	0	0	0	0	0	0	0	0	0	0	0	0	0	0	0	0
lamc2	LAMC1	1	0	0	0	0	0	0	0	0	0	0	0	0	0	0	0	0	0	0	0	0
lgals8a	LGALS8	1	0	0	0	0	0	0	0	0	0	0	0	0	0	0	0	0	0	0	0	0
lgals3b	LGALS9	1	0	0	0	0	0	0	0	0	0	0	0	0	0	0	0	0	0	0	0	0
lin7c	LIN7C	1	1	0	1	1	1	1	1	0	0	0	1	0	1	1	1	1	1	0	0	0
lipca	LIPC	1	0	0	0	0	0	0	0	0	0	0	0	0	0	0	0	0	0	0	0	0
lipia	LIPH	1	0	0	0	0	0	0	0	0	0	0	0	0	0	0	0	0	0	0	0	0
lman1	LMAN1	1	1	1	1	1	1	1	1	1	0	1	1	1	1	1	1	1	1	1	0	1
lpl	LPL	1	1	1	0	0	1	1	0	0	1	0	1	1	0	0	1	1	0	0	1	0
lrig1	LRIG1	1	0	0	0	0	0	0	0	0	0	1	0	0	0	0	0	0	0	0	0	1
lrig2	LRIG2	1	0	0	0	0	0	0	0	0	0	0	0	0	0	0	0	0	0	0	0	0
lrp1bb	LRP1B	1	0	0	0	0	0	0	0	0	0	0	0	0	0	0	0	0	0	0	0	0
lrp1ba	LRP1B	1	0	0	0	0	0	0	0	0	0	0	0	0	0	0	0	0	0	0	0	0
lrpap1	LRPAP1	1	1	1	1	1	1	1	1	1	1	1	1	1	1	1	1	1	1	1	1	1
ltbp1	LTBP1	1	0	0	0	0	0	0	0	0	0	0	0	0	0	0	0	0	0	0	0	0
FP102018.1	LTBP3	1	0	0	0	0	0	0	0	0	0	0	0	0	0	0	0	0	0	0	0	0
tfa	LTF	1	1	1	0	1	1	1	1	1	1	0	1	1	0	1	1	1	1	1	1	0
lum	LUM	1	0	0	0	0	0	0	0	0	0	0	0	0	0	0	0	0	0	0	0	0
ly86	LY86	1	0	0	0	0	0	0	0	0	0	0	0	0	0	0	0	0	0	0	0	0
matn1	MATN1	1	0	0	0	0	0	0	0	0	0	0	0	0	0	0	0	0	0	0	0	0
col7a1	MBL2	1	0	0	0	0	0	0	0	0	0	0	0	0	0	0	0	0	0	0	0	0
hbl4	MBL2	1	0	0	0	0	0	0	0	0	0	0	0	0	0	0	0	0	0	0	0	0
hbl2	MBL2	1	0	0	0	0	0	0	0	0	0	0	0	0	0	0	0	0	0	0	0	0
zmp:0000000729	MBL2	1	0	0	0	0	0	0	0	0	0	0	0	0	0	0	0	0	0	0	0	0
mdka	MDK	1	0	1	0	0	0	0	1	0	0	0	0	1	0	0	0	0	1	0	0	0
mdkb	MDK	1	0	0	0	0	0	0	0	0	0	0	0	0	0	0	0	0	0	0	0	0
mfap5	MFAP5	1	0	0	0	0	0	0	0	0	0	0	0	0	0	0	0	0	0	0	0	0
mfge8a	MFGE8	1	1	0	0	1	0	0	0	1	0	0	1	0	0	1	0	0	0	1	0	0
mfge8b	MFGE8	1	0	0	0	0	0	0	0	1	0	1	0	0	0	0	0	0	0	1	0	1
mfng	MFNG	1	1	1	1	1	1	1	1	1	1	1	1	1	1	1	1	1	1	1	1	1
mia	MIA	1	0	0	0	0	0	0	0	0	0	0	0	0	0	0	0	0	0	0	0	0
mif	MIF	1	1	1	1	1	1	1	1	1	1	1	1	1	1	1	1	1	1	1	1	1
LO018336.1	MMP1	1	0	0	0	0	0	0	0	0	0	0	0	0	0	0	0	0	0	0	0	0
mmp13a	MMP1	1	1	1	0	1	1	1	1	1	0	0	1	1	0	1	1	1	1	1	0	0
mmp30	MMP13	1	0	0	0	0	0	0	0	0	0	0	0	0	0	0	0	0	0	0	0	0
mmp2	MMP2	1	0	0	0	0	0	0	0	0	0	0	0	0	0	0	0	0	0	0	0	0
mmp9	MMP9	1	1	1	1	1	1	1	1	1	1	1	1	1	1	1	1	1	1	1	1	1
mst1	MST1	1	0	0	0	0	0	0	0	0	0	0	0	0	0	0	0	0	0	0	0	0
myoc	MYOC	1	0	0	0	0	0	0	0	0	0	0	0	0	0	0	0	0	0	0	0	0
nampta	NAMPT	1	0	1	1	1	1	1	1	1	1	0	0	1	1	1	1	1	1	1	1	0
ncam1b	NCAM1	1	0	0	0	0	0	0	0	0	0	0	0	0	0	0	0	0	0	0	0	0
ncam1a	NCAM1	1	0	0	0	0	0	0	0	0	0	0	0	0	0	0	0	0	0	0	0	0
ngfb	NGF	1	0	0	0	0	0	0	0	0	0	0	0	0	0	0	0	0	0	0	0	0
ngfa	NGF	1	0	0	0	0	0	0	0	0	0	0	0	0	0	0	0	0	0	0	0	0
nid1a	NID1	1	0	0	0	0	0	0	0	0	0	0	0	0	0	0	0	0	0	0	0	0
nid1b	NID1	1	0	0	0	0	0	0	0	0	0	0	0	0	0	0	0	0	0	0	0	0
nid2b	NID2	1	0	0	0	0	0	0	0	0	0	0	0	0	0	0	0	0	0	0	0	0
nid2a	NID2	1	0	0	0	0	0	0	0	0	0	0	0	0	0	0	0	0	0	0	0	0
nlgn1	NLGN1	1	0	0	0	0	0	0	0	0	0	0	0	0	0	0	0	0	0	0	0	0
nlgn2a	NLGN2	1	0	0	0	0	0	0	0	0	0	0	0	0	0	0	0	0	0	0	0	0
nlgn3a	NLGN3	1	0	0	0	0	0	0	0	0	0	0	0	0	0	0	0	0	0	0	0	0
nmba	NMB	1	0	0	0	0	0	0	0	0	0	0	0	0	0	0	0	0	0	0	0	0
nmu	NMU	1	0	0	0	0	0	0	0	0	0	0	0	0	0	0	0	0	0	0	0	0
npb	NPB	1	0	0	0	0	0	0	0	0	0	0	0	0	0	0	0	0	0	0	0	0
npffl	NPFF	1	0	0	0	0	0	0	0	0	0	0	0	0	0	0	0	0	0	0	0	0
npnta	NPNT	1	0	0	0	0	0	0	0	0	0	0	0	0	0	0	0	0	0	0	0	0
CABZ01076996.1	NPNT	1	0	0	0	0	0	0	0	0	0	0	0	0	0	0	0	0	0	0	0	0
nppa	NPPA	1	0	1	0	0	0	0	0	0	1	0	0	1	0	0	0	0	0	0	1	0
nppb	NPPB	1	0	0	0	0	0	0	0	0	1	0	0	0	0	0	0	0	0	0	1	0
nppc	NPPC	1	0	0	0	0	0	0	0	0	0	0	0	0	0	0	0	0	0	0	0	0
nptx1l	NPTX1	1	0	0	0	0	0	0	0	0	0	0	0	0	0	0	0	0	0	0	0	0
npy	NPY	1	0	0	0	0	0	0	0	0	0	0	0	0	0	0	0	0	0	0	0	0
nrg1	NRG1	1	0	0	0	0	0	0	0	0	0	0	0	0	0	0	0	0	0	0	0	0
nrg2a	NRG2	1	0	0	0	0	0	0	0	0	0	0	0	0	0	0	0	0	0	0	0	0
ntf3	NTF3	1	0	0	0	0	0	0	0	0	0	0	0	0	0	0	0	0	0	0	0	0
ntn1b	NTN1	1	0	0	0	0	0	0	0	0	0	0	0	0	0	0	0	0	0	0	0	0
ntn1a	NTN1	1	0	0	0	0	0	0	0	0	0	0	0	0	0	0	0	0	0	0	0	0
ntn4	NTN4	1	0	0	0	0	0	0	0	0	0	0	0	0	0	0	0	0	0	0	0	0
nucb2a	NUCB2	1	1	1	1	1	1	1	1	1	1	1	1	1	1	1	1	1	1	1	1	1
nucb2b	NUCB2	1	1	0	1	1	1	1	1	1	1	1	1	0	1	1	1	1	1	1	1	1
olah	OLAH	1	0	0	0	0	0	0	1	0	0	0	0	0	0	0	0	0	1	0	0	0
olfm2a	OLFM2	1	0	0	0	0	0	0	0	0	0	0	0	0	0	0	0	0	0	0	0	0
olfm2b	OLFM2	1	0	0	0	0	0	0	0	0	0	0	0	0	0	0	0	0	0	0	0	0
omgb	OMG	1	0	0	0	0	0	0	0	0	0	0	0	0	0	0	0	0	0	0	0	0
p4hb	P4HB	1	1	1	1	1	1	1	1	1	1	1	1	1	1	1	1	1	1	1	1	1
paplna	PAPLN	1	0	0	0	0	0	0	0	0	0	0	0	0	0	0	0	0	0	0	0	0
pdap1b	PDAP1	1	1	1	1	1	1	1	1	1	1	1	1	1	1	1	1	1	1	1	1	1
si:ch211-241b2.5	PDCD1LG2	1	1	1	1	1	0	0	0	1	0	0	1	1	1	1	0	0	0	1	0	0
pdgfab	PDGFA	1	0	0	0	1	0	1	0	1	0	0	0	0	0	1	0	1	0	1	0	0
pdgfaa	PDGFA	1	0	0	0	0	0	0	0	0	0	0	0	0	0	0	0	0	0	0	0	0
pdgfbb	PDGFB	1	0	0	0	0	0	0	0	0	0	0	0	0	0	0	0	0	0	0	0	0
pdgfba	PDGFB	1	1	1	1	1	1	1	1	1	1	0	1	1	1	1	1	1	1	1	1	0
pdgfc	PDGFC	1	0	0	0	0	0	0	0	0	0	0	0	0	0	0	0	0	0	0	0	0
pdgfd	PDGFD	1	0	0	0	0	0	0	0	0	0	0	0	0	0	0	0	0	0	0	0	0
penkb	PENK	1	0	0	0	0	0	0	0	0	0	0	0	0	0	0	0	0	0	0	0	0
penka	PENK	1	0	0	0	0	0	0	0	0	0	0	0	0	0	0	0	0	0	0	0	0
pgfb	PGF	1	0	0	0	0	0	0	0	0	0	1	0	0	0	0	0	0	0	0	0	1
piga	PIGA	1	0	0	0	0	0	0	0	0	0	0	0	0	0	0	0	0	0	0	0	0
pigf	PIGF	1	1	0	0	1	1	1	1	1	1	0	1	0	0	1	1	1	1	1	1	0
pkma	PKM	1	1	1	1	1	1	1	1	1	1	1	1	1	1	1	1	1	1	1	1	1
pkmb	PKM	1	0	0	0	0	0	0	0	0	1	0	0	0	0	0	0	0	0	0	1	0
plat	PLAT	1	0	0	0	0	0	0	0	0	0	0	0	0	0	0	0	0	0	0	0	0
plaub	PLAU	1	0	0	0	0	0	0	0	0	0	0	0	0	0	0	0	0	0	0	0	0
plg	PLG	1	0	0	0	0	0	0	0	0	0	0	0	0	0	0	0	0	0	0	0	0
pltp	PLTP	1	1	0	0	0	0	0	0	0	0	0	1	0	0	0	0	0	0	0	0	0
pmch	PMCH	1	0	0	0	0	0	0	0	0	0	0	0	0	0	0	0	0	0	0	0	0
pnocb	PNOC	1	0	0	0	0	0	0	0	0	0	0	0	0	0	0	0	0	0	0	0	0
pnoca	PNOC	1	0	0	0	0	0	0	0	0	0	0	0	0	0	0	0	0	0	0	0	0
podxl	PODXL	1	0	0	0	0	0	0	0	0	1	0	0	0	0	0	0	0	0	0	1	0
pon1	PON2	1	0	0	0	0	0	0	0	0	0	0	0	0	0	0	0	0	0	0	0	0
pon3.2	PON2	1	0	0	0	0	0	0	0	0	0	0	0	0	0	0	0	0	0	0	0	0
pon2	PON2	1	0	0	0	0	0	0	0	0	0	0	0	0	0	0	0	0	0	0	0	0
cxcl20	PPBP	1	1	1	1	1	0	0	1	1	0	1	1	1	1	1	0	0	1	1	0	1
cxcl18b	PPBP	1	0	0	0	0	0	0	0	0	0	0	0	0	0	0	0	0	0	0	0	0
CR762483.1	PPBP	1	0	0	0	0	0	0	0	1	0	0	0	0	0	0	0	0	0	1	0	0
prg4a	PRG4	1	0	0	0	0	0	0	0	0	0	0	0	0	0	0	0	0	0	0	0	0
prg4b	PRG4	1	0	0	0	0	0	0	0	0	0	0	0	0	0	0	0	0	0	0	0	0
prok1	PROK1	1	0	0	0	0	0	0	0	0	0	0	0	0	0	0	0	0	0	0	0	0
pros1	PROS1	1	0	0	0	0	0	0	0	1	0	0	0	0	0	0	0	0	0	1	0	0
psap	PSAP	1	1	1	1	1	1	1	1	1	1	1	1	1	1	1	1	1	1	1	1	1
psen1	PSEN1	1	1	0	0	1	0	0	0	0	0	0	1	0	0	1	0	0	0	0	0	0
ptdss1a	PTDSS1	1	0	0	0	0	0	0	0	0	0	0	0	0	0	0	0	0	0	0	0	0
ptgs2a	PTGS2	1	0	0	0	1	0	0	0	0	0	0	0	0	0	1	0	0	0	0	0	0
ptgs2b	PTGS2	1	0	0	0	0	0	0	0	0	0	0	0	0	0	0	0	0	0	0	0	0
pth2	PTH2	1	0	0	0	0	0	0	0	0	0	0	0	0	0	0	0	0	0	0	0	0
si:ch211-222l21.1	PTMA	1	1	1	1	1	1	1	1	1	1	1	1	1	1	1	1	1	1	1	1	1
ptn	PTN	1	0	0	0	0	0	0	0	0	0	0	0	0	0	0	0	0	0	0	0	0
ptpn11a	PTPN11	1	1	1	1	1	1	1	1	1	1	1	1	1	1	1	1	1	1	1	1	1
ptpn6	PTPN6	1	1	1	1	1	1	1	1	1	1	1	1	1	1	1	1	1	1	1	1	1
pyya	PYY	1	0	0	0	0	0	0	0	0	0	0	0	0	0	0	0	0	0	0	0	0
qdprb1	QDPR	1	0	0	0	0	0	0	0	0	1	0	0	0	0	0	0	0	0	0	1	0
qdpra	QDPR	1	0	0	0	0	0	0	0	0	0	0	0	0	0	0	0	0	0	0	0	0
rbp4	RBP4	1	0	0	0	0	0	0	0	0	1	0	0	0	0	0	0	0	0	0	1	0
rgma	RGMA	1	0	0	0	0	0	0	0	0	0	0	0	0	0	0	0	0	0	0	0	0
rgmb	RGMB	1	0	0	0	0	0	0	0	0	0	0	0	0	0	0	0	0	0	0	0	0
rims1a	RIMS1	1	0	0	0	0	0	0	0	0	0	0	0	0	0	0	0	0	0	0	0	0
rims1b	RIMS2	1	0	0	0	0	0	0	0	0	0	0	0	0	0	0	0	0	0	0	0	0
rims2a	RIMS2	1	0	0	0	0	0	0	0	0	0	0	0	0	0	0	0	0	0	0	0	0
RIMS2	RIMS2	1	0	0	0	0	0	0	0	0	0	0	0	0	0	0	0	0	0	0	0	0
rln3a	RLN3	1	0	0	0	0	0	1	0	0	0	0	0	0	0	0	0	1	0	0	0	0
rln3b	RLN3	1	0	0	0	0	0	0	0	0	0	0	0	0	0	0	0	0	0	0	0	0
rph3ab	RPH3A	1	0	0	0	0	0	0	0	0	0	0	0	0	0	0	0	0	0	0	0	0
rps19	RPS19	1	1	1	1	1	1	1	1	1	1	1	1	1	1	1	1	1	1	1	1	1
rspo2	RSPO2	1	0	0	0	0	0	0	0	0	0	0	0	0	0	0	0	0	0	0	0	0
rspo3	RSPO3	1	0	0	0	0	0	0	0	0	0	0	0	0	0	0	0	0	0	0	0	0
rtn4a	RTN4	1	1	1	1	1	1	1	1	1	1	1	1	1	1	1	1	1	1	1	1	1
s100a1	S100A1	1	0	0	0	0	0	0	0	0	0	0	0	0	0	0	0	0	0	0	0	0
s100a10b	S100A12	1	1	1	1	1	1	1	1	1	1	1	1	1	1	1	1	1	1	1	1	1
s100b	S100B	1	0	0	0	0	0	0	0	0	0	0	0	0	0	0	0	0	0	0	0	0
sema3ab	SEMA3A	1	0	0	0	0	0	0	0	0	0	0	0	0	0	0	0	0	0	0	0	0
sema3b	SEMA3B	1	0	0	0	0	0	0	0	0	0	0	0	0	0	0	0	0	0	0	0	0
sema3c	SEMA3C	1	0	0	0	0	0	0	0	0	0	0	0	0	0	0	0	0	0	0	0	0
sema3d	SEMA3D	1	0	0	0	0	0	0	0	0	0	0	0	0	0	0	0	0	0	0	0	0
sema3e	SEMA3E	1	0	0	0	0	0	0	0	0	0	0	0	0	0	0	0	0	0	0	0	0
sema3fb	SEMA3F	1	0	0	0	0	0	0	0	0	0	0	0	0	0	0	0	0	0	0	0	0
sema3bl	SEMA3G	1	0	0	0	0	0	0	0	0	0	0	0	0	0	0	0	0	0	0	0	0
sema4bb	SEMA4B	1	0	0	0	0	0	0	0	0	0	0	0	0	0	0	0	0	0	0	0	0
sema4ba	SEMA4B	1	0	0	0	0	0	0	0	0	0	0	0	0	0	0	0	0	0	0	0	0
sema4c	SEMA4C	1	0	0	0	0	0	0	0	0	0	0	0	0	0	0	0	0	0	0	0	0
CABZ01064472.1	SEMA4D	1	0	0	0	0	0	0	0	0	0	0	0	0	0	0	0	0	0	0	0	0
sema5a	SEMA5A	1	0	0	0	0	0	0	0	0	0	0	0	0	0	0	0	0	0	0	0	0
sema6dl	SEMA6D	1	0	0	0	0	0	0	0	0	0	0	0	0	0	0	0	0	0	0	0	0
sema7a	SEMA7A	1	0	0	0	0	0	0	0	0	0	0	0	0	0	0	0	0	0	0	0	0
serpinc1	SERPINC1	1	0	0	0	0	0	0	0	0	0	0	0	0	0	0	0	0	0	0	0	0
serpine1	SERPINE1	1	1	1	1	1	1	1	1	1	1	0	1	1	1	1	1	1	1	1	1	0
serpine2	SERPINE2	1	1	1	0	1	0	1	0	1	0	0	1	1	0	1	0	1	0	1	0	0
sfrp1a	SFRP1	1	0	0	0	0	0	0	0	0	0	0	0	0	0	0	0	0	0	0	0	0
sfrp1b	SFRP1	1	0	0	0	0	0	0	0	0	0	0	0	0	0	0	0	0	0	0	0	0
shank1	SHANK1	1	0	0	0	0	0	0	0	0	0	0	0	0	0	0	0	0	0	0	0	0
shank2a	SHANK2	1	0	0	0	0	0	0	0	0	0	0	0	0	0	0	0	0	0	0	0	0
shank2b	SHANK2	1	0	0	0	0	0	0	0	0	0	0	0	0	0	0	0	0	0	0	0	0
shha	SHH	1	0	0	0	0	0	0	0	0	0	0	0	0	0	0	0	0	0	0	0	0
slit1a	SLIT1	1	0	0	0	0	0	0	0	0	0	0	0	0	0	0	0	0	0	0	0	0
slit2	SLIT2	1	0	0	0	0	0	0	0	0	0	0	0	0	0	0	0	0	0	0	0	0
slit3	SLIT3	1	0	0	0	0	0	0	0	0	0	0	0	0	0	0	0	0	0	0	0	0
sorbs1	SORBS1	1	0	1	0	0	0	0	0	0	1	0	0	1	0	0	0	0	0	0	1	0
sost	SOST	1	0	0	0	0	0	0	0	0	0	0	0	0	0	0	0	0	0	0	0	0
sostdc1a	SOSTDC1	1	0	0	0	0	0	0	0	0	0	0	0	0	0	0	0	0	0	0	0	0
spint1a	SPINT1	1	0	0	0	0	0	0	0	0	0	1	0	0	0	0	0	0	0	0	0	1
spon2b	SPON2	1	0	0	0	0	0	0	0	0	0	0	0	0	0	0	0	0	0	0	0	0
sptan1	SPTAN1	1	1	1	1	1	1	1	1	1	1	1	1	1	1	1	1	1	1	1	1	1
sptbn2	SPTBN2	1	0	0	1	0	1	1	0	0	0	1	0	0	1	0	1	1	0	0	0	1
spx	SPX	1	0	0	0	0	0	0	0	0	0	0	0	0	0	0	0	0	0	0	0	0
syk	SYK	1	1	1	1	1	1	1	1	1	1	1	1	1	1	1	1	1	1	1	1	1
sytl3	SYTL3	1	0	0	0	0	0	0	0	0	0	0	0	0	0	0	0	0	0	0	0	0
tac3a	TAC3	1	0	0	0	0	0	0	0	0	0	0	0	0	0	0	0	0	0	0	0	0
tcn2	TCN2	1	0	0	0	0	0	0	0	0	0	0	0	0	0	0	0	0	0	0	0	0
tctn1	TCTN1	1	0	0	0	0	0	0	0	0	0	0	0	0	0	0	0	0	0	0	0	0
zgc:172271	TF	1	0	0	0	0	0	0	0	0	0	0	0	0	0	0	0	0	0	0	0	0
tfpia	TFPI	1	0	0	0	0	0	0	0	0	0	0	0	0	0	0	0	0	0	0	0	0
tg	TG	1	0	0	0	0	0	0	0	0	0	0	0	0	0	0	0	0	0	0	0	0
tgfa	TGFA	1	0	0	0	0	0	0	0	0	0	1	0	0	0	0	0	0	0	0	0	1
tgfb1a	TGFB1	1	0	0	0	0	0	0	0	0	0	0	0	0	0	0	0	0	0	0	0	0
tgfb1b	TGFB1	1	0	0	0	0	0	0	0	0	0	0	0	0	0	0	0	0	0	0	0	0
tgfb2	TGFB2	1	0	0	0	0	0	0	0	0	0	0	0	0	0	0	0	0	0	0	0	0
tgfb3	TGFB3	1	0	0	0	0	0	0	0	0	0	0	0	0	0	0	0	0	0	0	0	0
tgm2b	TGM2	1	0	0	0	0	0	0	0	0	1	0	0	0	0	0	0	0	0	0	1	0
thbs1b	THBS1	1	0	0	0	0	0	0	0	0	0	0	0	0	0	0	0	0	0	0	0	0
thbs2a	THBS2	1	0	0	0	0	0	0	0	0	0	0	0	0	0	0	0	0	0	0	0	0
thbs2b	THBS2	1	0	0	0	0	0	0	0	0	0	0	0	0	0	0	0	0	0	0	0	0
thpo	THPO	1	0	0	0	0	0	0	0	0	0	0	0	0	0	0	0	0	0	0	0	0
timp2b	TIMP2	1	1	1	1	1	1	1	1	1	1	1	1	1	1	1	1	1	1	1	1	1
timp2a	TIMP2	1	0	0	0	0	0	0	1	0	0	0	0	0	0	0	0	0	1	0	0	0
tln1	TLN1	1	1	1	1	1	1	1	1	1	1	1	1	1	1	1	1	1	1	1	1	1
tnc	TNC	1	0	0	0	0	0	0	0	0	0	0	0	0	0	0	0	0	0	0	0	0
TNC	TNC	1	0	0	0	0	0	0	0	0	0	0	0	0	0	0	0	0	0	0	0	0
tnfa	TNF	1	1	1	1	1	0	1	0	1	0	1	1	1	1	1	0	1	0	1	0	1
tnfb	TNF	1	1	1	1	1	1	1	1	1	1	1	1	1	1	1	1	1	1	1	1	1
tnfsf10	TNFSF10	1	0	0	0	0	0	0	0	0	0	0	0	0	0	0	0	0	0	0	0	0
tnfsf11	TNFSF11	1	0	0	0	0	0	0	0	0	0	0	0	0	0	0	0	0	0	0	0	0
tnfsf13b	TNFSF13B	1	0	0	0	1	0	0	1	1	0	0	0	0	0	1	0	0	1	1	0	0
tnfsf14	TNFSF14	1	0	0	0	0	0	0	0	0	0	0	0	0	0	0	0	0	0	0	0	0
tph1b	TPH1	1	0	0	0	0	0	0	0	0	0	0	0	0	0	0	0	0	0	0	0	0
uba52	UBA52	1	1	1	1	1	1	1	1	1	1	1	1	1	1	1	1	1	1	1	1	1
vaspa	VASP	1	1	1	1	1	1	1	1	1	0	1	1	1	1	1	1	1	1	1	0	1
vcam1b	VCAM1	1	0	0	0	0	0	0	0	0	0	0	0	0	0	0	0	0	0	0	0	0
vcana	VCAN	1	0	0	0	0	0	0	0	0	0	0	0	0	0	0	0	0	0	0	0	0
vcla	VCL	1	0	0	0	0	0	0	0	0	0	0	0	0	0	0	0	0	0	0	0	0
vclb	VCL	1	0	0	0	0	0	0	0	0	0	0	0	0	0	0	0	0	0	0	0	0
vegfab	VEGFA	1	0	0	0	0	0	0	0	0	1	0	0	0	0	0	0	0	0	0	1	0
vegfaa	VEGFA	1	1	1	0	0	0	1	0	0	1	0	1	1	0	0	0	1	0	0	1	0
vegfbb	VEGFB	1	0	0	0	0	0	0	0	0	0	0	0	0	0	0	0	0	0	0	0	0
vegfc	VEGFC	1	0	0	0	0	0	0	0	0	0	0	0	0	0	0	0	0	0	0	0	0
vegfd	VEGFD	1	0	0	0	0	0	0	0	0	0	0	0	0	0	0	0	0	0	0	0	0
viml	VIM	1	0	0	0	0	0	0	0	0	0	0	0	0	0	0	0	0	0	0	0	0
vim	VIM	1	0	0	0	0	0	0	0	0	0	0	0	0	0	0	0	0	0	0	0	0
vip	VIP	1	0	0	0	0	0	0	0	0	0	0	0	0	0	0	0	0	0	0	0	0
vwf	VWF	1	0	0	0	0	0	0	0	0	0	0	0	0	0	0	0	0	0	0	0	0
wif1	WIF1	1	0	0	0	0	0	0	0	0	0	0	0	0	0	0	0	0	0	0	0	0
wnt11	WNT11	1	0	0	0	0	0	0	0	0	0	0	0	0	0	0	0	0	0	0	0	0
wnt16	WNT16	1	0	0	0	0	0	0	0	0	0	0	0	0	0	0	0	0	0	0	0	0
wnt2	WNT2	1	0	0	0	0	0	0	0	0	0	0	0	0	0	0	0	0	0	0	0	0
wnt2bb	WNT2B	1	0	0	0	0	0	0	0	0	0	0	0	0	0	0	0	0	0	0	0	0
wnt4	WNT4	1	0	0	0	0	0	0	0	0	0	0	0	0	0	0	0	0	0	0	0	0
wnt5b	WNT5B	1	0	0	0	0	0	0	0	0	0	0	0	0	0	0	0	0	0	0	0	0
wnt7aa	WNT7A	1	0	0	0	0	0	0	0	0	0	0	0	0	0	0	0	0	0	0	0	0
wnt7ba	WNT7B	1	0	0	0	0	0	0	0	0	0	0	0	0	0	0	0	0	0	0	0	0
yars1	YARS1	1	1	1	1	1	1	1	1	1	1	1	1	1	1	1	1	1	1	1	1	1
zp3e	ZP3	1	0	0	0	0	0	0	0	0	0	0	0	0	0	0	0	0	0	0	0	0
zp3b	ZP3	1	0	0	0	0	0	0	0	0	0	0	0	0	0	0	0	0	0	0	0	0
zp3a.2	ZP3	1	0	0	0	0	0	0	0	0	0	0	0	0	0	0	0	0	0	0	0	0
zp3a.1	ZP3	1	0	0	0	0	0	0	0	0	0	0	0	0	0	0	0	0	0	0	0	0
abca1a	ABCA1	2	1	1	1	1	1	1	1	1	1	1	1	1	1	1	1	1	1	1	1	1
abca1b	ABCA1	2	1	1	1	1	1	1	1	1	1	1	1	1	1	1	1	1	1	1	1	1
ACKR2	ACKR2	2	0	0	0	0	0	0	0	0	0	0	0	0	0	0	0	0	0	0	0	0
ackr3b	ACKR3	2	0	0	0	0	0	0	0	0	0	1	0	0	0	0	0	0	0	0	0	1
ackr3a	ACKR3	2	0	0	0	0	0	0	0	0	0	0	0	0	0	0	0	0	0	0	0	0
ackr4b	ACKR4	2	0	0	0	0	0	0	0	0	0	0	0	0	0	0	0	0	0	0	0	0
acvr1bb	ACVR1B	2	0	0	0	0	0	0	0	0	0	0	0	0	0	0	0	0	0	0	0	0
acvr1ba	ACVR1B	2	0	0	0	0	0	1	0	0	0	0	0	0	0	0	0	1	0	0	0	0
ACVR1C	ACVR1C	2	0	0	0	0	0	0	0	0	0	0	0	0	0	0	0	0	0	0	0	0
acvr2ab	ACVR2A	2	0	0	0	0	0	0	0	0	0	0	0	0	0	0	0	0	0	0	0	0
acvr2aa	ACVR2A	2	0	0	0	0	0	0	0	0	0	0	0	0	0	0	0	0	0	0	0	0
acvr2bb	ACVR2B	2	0	0	0	0	0	0	0	0	0	0	0	0	0	0	0	0	0	0	0	0
acvr2ba	ACVR2B	2	0	0	0	0	0	0	0	0	0	0	0	0	0	0	0	0	0	0	0	0
acvr1l	ACVRL1	2	0	0	0	0	0	0	0	0	0	0	0	0	0	0	0	0	0	0	0	0
acvrl1	ACVRL1	2	1	1	1	1	1	1	1	1	0	0	1	1	1	1	1	1	1	1	0	0
adcy7	ADCY7	2	1	1	1	1	1	1	1	1	0	1	1	1	1	1	1	1	1	1	0	1
adcy8	ADCY8	2	0	0	0	0	0	0	0	0	0	0	0	0	0	0	0	0	0	0	0	0
adcy9	ADCY9	2	0	0	0	0	0	0	0	0	0	0	0	0	0	0	0	0	0	0	0	0
si:ch211-241f5.3	ADGRE5	2	0	0	0	0	0	0	0	0	0	1	0	0	0	0	0	0	0	0	0	1
adgrl1a	ADGRL1	2	0	0	0	0	0	0	0	0	0	0	0	0	0	0	0	0	0	0	0	0
adgrl2a	ADGRL2	2	0	0	0	0	0	0	0	0	0	0	0	0	0	0	0	0	0	0	0	0
adgrl4	ADGRL4	2	0	0	0	0	0	0	0	0	0	0	0	0	0	0	0	0	0	0	0	0
adgrv1	ADGRV1	2	0	0	0	0	0	0	0	0	0	0	0	0	0	0	0	0	0	0	0	0
adipor1b	ADIPOR1	2	1	1	1	1	1	1	1	1	1	1	1	1	1	1	1	1	1	1	1	1
adipor1a	ADIPOR1	2	0	0	0	0	0	0	0	0	0	0	0	0	0	0	0	0	0	0	0	0
adipor2	ADIPOR2	2	1	1	1	1	1	1	1	1	1	1	1	1	1	1	1	1	1	1	1	1
adora2aa	ADORA2A	2	0	0	0	0	0	0	0	0	0	0	0	0	0	0	0	0	0	0	0	0
adora2b	ADORA2B	2	0	0	0	0	0	0	0	0	0	0	0	0	0	0	0	0	0	0	0	0
adra2b	ADRA2B	2	0	0	0	0	0	0	0	0	0	0	0	0	0	0	0	0	0	0	0	0
adrb2a	ADRB2	2	1	1	1	1	0	0	0	0	0	1	1	1	1	1	0	0	0	0	0	1
adrb2b	ADRB2	2	0	0	0	0	0	0	0	0	0	0	0	0	0	0	0	0	0	0	0	0
adrb3a	ADRB3	2	0	0	0	0	0	0	0	0	0	0	0	0	0	0	0	0	0	0	0	0
adrb3b	ADRB3	2	0	0	0	0	0	0	0	0	0	0	0	0	0	0	0	0	0	0	0	0
si:ch211-79k12.1	AGER	2	1	1	1	1	1	1	1	1	0	1	1	1	1	1	1	1	1	1	0	1
agr2	AGR2	2	0	0	0	0	0	0	0	0	0	0	0	0	0	0	0	0	0	0	0	0
agtr2	AGTR2	2	0	0	0	0	0	0	0	0	0	0	0	0	0	0	0	0	0	0	0	0
alcamb	ALCAM	2	0	0	0	0	0	0	0	1	0	1	0	0	0	0	0	0	0	1	0	1
alcama	ALCAM	2	1	1	1	1	0	0	1	1	1	0	1	1	1	1	0	0	1	1	1	0
alk	ALK	2	0	0	0	0	0	0	0	0	0	0	0	0	0	0	0	0	0	0	0	0
alox5a	ALOX5	2	0	0	0	1	1	0	0	0	0	0	0	0	0	1	1	0	0	0	0	0
alox5b.3	ALOX5	2	0	0	0	0	0	0	0	0	0	0	0	0	0	0	0	0	0	0	0	0
alox5b.1	ALOX5	2	0	0	0	0	0	0	0	0	0	0	0	0	0	0	0	0	0	0	0	0
alox5b.2	ALOX5	2	0	0	0	0	0	0	0	1	0	0	0	0	0	0	0	0	0	1	0	0
amfrb	AMFR	2	0	0	0	0	0	0	0	0	0	0	0	0	0	0	0	0	0	0	0	0
amfra	AMFR	2	1	1	1	1	1	1	1	1	0	1	1	1	1	1	1	1	1	1	0	1
APCDD1	APCDD1	2	0	0	0	0	0	0	0	0	0	0	0	0	0	0	0	0	0	0	0	0
aplnr2	APLNR	2	0	0	0	0	0	0	0	0	0	0	0	0	0	0	0	0	0	0	0	0
aplp1	APLP1	2	0	0	0	0	0	0	0	0	0	0	0	0	0	0	0	0	0	0	0	0
aplp2	APLP2	2	1	1	1	1	1	1	1	1	1	1	1	1	1	1	1	1	1	1	1	1
aqp1a.1	AQP1	2	0	0	0	0	0	0	0	0	0	0	0	0	0	0	0	0	0	0	0	0
ar	AR	2	0	0	0	0	0	0	0	0	0	0	0	0	0	0	0	0	0	0	0	0
si:ch211-51i16.1	ART1	2	0	0	0	0	0	0	0	0	0	0	0	0	0	0	0	0	0	0	0	0
si:ch211-145b13.6	ART1	2	0	1	0	0	0	0	0	0	1	0	0	1	0	0	0	0	0	0	1	0
si:ch211-283g2.3	ASGR2	2	0	0	1	1	0	1	1	0	0	0	0	0	1	1	0	1	1	0	0	0
atp6ap2	ATP6AP2	2	1	1	1	1	1	1	1	1	1	1	1	1	1	1	1	1	1	1	1	1
atrn	ATRN	2	1	1	0	0	0	0	0	0	0	0	1	1	0	0	0	0	0	0	0	0
avpr1ab	AVPR1A	2	0	0	0	0	0	0	0	0	0	0	0	0	0	0	0	0	0	0	0	0
avpr1aa	AVPR1A	2	0	0	0	0	0	0	0	0	0	0	0	0	0	0	0	0	0	0	0	0
AXL	AXL	2	0	0	0	0	0	0	0	0	0	0	0	0	0	0	0	0	0	0	0	0
bambib	BAMBI	2	0	0	0	0	0	0	0	0	0	0	0	0	0	0	0	0	0	0	0	0
bambia	BAMBI	2	1	0	1	0	0	0	0	0	0	0	1	0	1	0	0	0	0	0	0	0
bcam	BCAM	2	1	1	1	1	1	1	1	1	1	1	1	1	1	1	1	1	1	1	1	1
bmpr1aa	BMPR1A	2	0	0	0	0	0	0	0	0	0	0	0	0	0	0	0	0	0	0	0	0
bmpr1ab	BMPR1A	2	0	0	0	0	0	0	0	0	0	0	0	0	0	0	0	0	0	0	0	0
bmpr1ba	BMPR1B	2	0	0	0	0	0	0	0	0	0	0	0	0	0	0	0	0	0	0	0	0
bmpr2b	BMPR2	2	0	0	0	0	0	0	0	0	0	0	0	0	0	0	0	0	0	0	0	0
boc	BOC	2	0	0	0	0	0	0	0	0	0	0	0	0	0	0	0	0	0	0	0	0
c1qbp	C1QBP	2	1	1	1	1	1	1	1	1	1	1	1	1	1	1	1	1	1	1	1	1
C3AR1	C3AR1	2	0	0	0	0	0	0	0	0	0	0	0	0	0	0	0	0	0	0	0	0
CABZ01041494.1	C5AR1	2	1	1	1	1	1	1	1	1	1	0	1	1	1	1	1	1	1	1	1	0
cachd1	CACHD1	2	0	0	0	0	0	0	0	0	0	0	0	0	0	0	0	0	0	0	0	0
cacna1c	CACNA1C	2	0	0	0	0	0	0	0	0	0	0	0	0	0	0	0	0	0	0	0	0
cadm1a	CADM1	2	0	0	0	0	0	0	0	0	0	0	0	0	0	0	0	0	0	0	0	0
calcr	CALCR	2	0	0	0	0	0	0	0	0	0	0	0	0	0	0	0	0	0	0	0	0
calcrlb	CALCRL	2	0	0	0	0	0	0	0	0	0	0	0	0	0	0	0	0	0	0	0	0
canx	CANX	2	1	1	1	1	1	1	1	1	1	1	1	1	1	1	1	1	1	1	1	1
cav1	CAV1	2	0	0	0	0	0	0	0	0	1	0	0	0	0	0	0	0	0	0	1	0
ccbe1	CCBE1	2	0	0	0	0	0	0	0	0	0	0	0	0	0	0	0	0	0	0	0	0
si:dkey-1h24.2	CCKBR	2	0	0	0	0	0	0	0	0	0	0	0	0	0	0	0	0	0	0	0	0
ccr6a	CCR6	2	0	0	0	0	0	0	0	0	0	0	0	0	0	0	0	0	0	0	0	0
ccr7	CCR7	2	0	0	0	0	0	0	0	0	0	0	0	0	0	0	0	0	0	0	0	0
si:cabz01093077.1	CCR8	2	0	0	0	0	0	0	0	0	0	0	0	0	0	0	0	0	0	0	0	0
cabz01093075.1	CCR8	2	0	0	0	0	0	0	0	0	0	0	0	0	0	0	0	0	0	0	0	0
ccr8.1	CCR8	2	0	0	0	0	0	0	0	0	0	0	0	0	0	0	0	0	0	0	0	0
ccr9a	CCR9	2	1	1	1	1	1	1	1	1	1	1	1	1	1	1	1	1	1	1	1	1
ccr9b	CCR9	2	0	0	0	0	0	0	0	0	0	0	0	0	0	0	0	0	0	0	0	0
cd151l	CD151	2	0	0	0	0	0	0	0	0	0	0	0	0	0	0	0	0	0	0	0	0
cd151	CD151	2	0	0	0	0	0	0	0	0	1	0	0	0	0	0	0	0	0	0	1	0
cd180	CD180	2	0	0	0	0	0	0	0	0	0	0	0	0	0	0	0	0	0	0	0	0
si:ch211-286b5.6	CD22	2	0	0	0	0	0	0	0	0	0	0	0	0	0	0	0	0	0	0	0	0
si:dkey-1h24.6	CD28	2	1	1	1	1	1	1	1	1	1	1	1	1	1	1	1	1	1	1	1	1
cd36	CD36	2	0	0	0	0	0	0	0	0	0	0	0	0	0	0	0	0	0	0	0	0
dicp1.3-4	CD4	2	0	0	0	0	0	0	0	0	0	0	0	0	0	0	0	0	0	0	0	0
AL929520.3	CD4	2	0	0	0	0	0	0	0	0	0	0	0	0	0	0	0	0	0	0	0	0
cd4-1	CD4	2	0	0	1	0	0	0	1	0	0	0	0	0	1	0	0	0	1	0	0	0
dicp3.3	CD4	2	1	1	1	1	0	1	1	1	0	1	1	1	1	1	0	1	1	1	0	1
si:ch73-322b17.4	CD4	2	0	0	0	0	0	0	0	0	0	0	0	0	0	0	0	0	0	0	0	0
si:ch73-34h11.1	CD4	2	0	0	0	0	0	0	0	0	0	0	0	0	0	0	0	0	0	0	0	0
zmp:0000000608	CD4	2	0	0	0	0	0	0	0	0	0	0	0	0	0	0	0	0	0	0	0	0
dicp3.1	CD4	2	1	1	1	1	0	1	1	1	0	0	1	1	1	1	0	1	1	1	0	0
dicp2.1	CD4	2	1	1	1	1	1	1	1	1	0	0	1	1	1	1	1	1	1	1	0	0
dicp2.2	CD4	2	0	0	0	1	0	1	0	1	0	0	0	0	0	1	0	1	0	1	0	0
cd44a	CD44	2	0	0	0	0	0	0	0	0	0	0	0	0	0	0	0	0	0	0	0	0
cd44b	CD44	2	0	0	0	0	0	0	0	0	0	1	0	0	0	0	0	0	0	0	0	1
zgc:64051	CD53	2	1	1	1	1	1	1	1	1	1	1	1	1	1	1	1	1	1	1	1	1
cd63	CD63	2	1	1	1	1	1	1	1	1	1	1	1	1	1	1	1	1	1	1	1	1
si:ch211-212k18.7	CD68	2	1	1	1	1	1	1	1	1	1	1	1	1	1	1	1	1	1	1	1	1
cd74a	CD74	2	1	1	1	1	1	1	1	1	1	1	1	1	1	1	1	1	1	1	1	1
cd74b	CD74	2	1	1	1	1	1	1	1	1	1	1	1	1	1	1	1	1	1	1	1	1
cd79a	CD79A	2	0	0	0	0	0	0	0	0	0	0	0	0	0	0	0	0	0	0	0	0
cd81a	CD81	2	1	1	1	1	1	1	1	1	1	1	1	1	1	1	1	1	1	1	1	1
cd82a	CD82	2	1	1	1	1	1	1	1	1	1	1	1	1	1	1	1	1	1	1	1	1
cd82b	CD82	2	0	1	0	0	0	0	0	0	0	1	0	1	0	0	0	0	0	0	0	1
cd248a	CD93	2	0	0	0	0	0	0	0	0	0	0	0	0	0	0	0	0	0	0	0	0
cdh2	CDH2	2	1	1	1	0	0	0	0	0	1	0	1	1	1	0	0	0	0	0	1	0
cdh6	CDH6	2	0	0	0	0	0	0	0	0	0	0	0	0	0	0	0	0	0	0	0	0
cdon	CDON	2	0	0	0	0	0	0	0	0	0	1	0	0	0	0	0	0	0	0	0	1
celsr1a	CELSR1	2	0	0	0	0	0	0	0	0	0	0	0	0	0	0	0	0	0	0	0	0
celsr1b	CELSR1	2	0	0	0	0	0	0	0	0	0	0	0	0	0	0	0	0	0	0	0	0
cldnb	CLDN4	2	0	0	0	0	0	0	0	0	0	0	0	0	0	0	0	0	0	0	0	0
cmklr1	CMKLR1	2	1	1	1	1	1	1	1	1	1	1	1	1	1	1	1	1	1	1	1	1
cmklrl2	CMKLR1	2	0	0	0	0	0	0	0	0	0	0	0	0	0	0	0	0	0	0	0	0
cnga2b	CNGA2	2	0	0	0	0	0	0	0	0	0	0	0	0	0	0	0	0	0	0	0	0
cnr2	CNR2	2	0	0	0	0	0	0	0	0	0	0	0	0	0	0	0	0	0	0	0	0
cntfr	CNTFR	2	0	0	0	0	0	0	0	0	0	0	0	0	0	0	0	0	0	0	0	0
cntnap2b	CNTNAP2	2	0	0	0	0	0	0	0	0	0	0	0	0	0	0	0	0	0	0	0	0
csmd2	CR2	2	0	0	0	0	0	0	0	0	0	0	0	0	0	0	0	0	0	0	0	0
si:ch73-217n20.1	CR2	2	0	0	0	0	0	0	0	0	0	0	0	0	0	0	0	0	0	0	0	0
crhr1	CRHR1	2	0	0	0	0	0	0	0	0	0	1	0	0	0	0	0	0	0	0	0	1
si:zfos-1069f5.1	CSF1R	2	0	0	0	0	0	0	0	0	0	0	0	0	0	0	0	0	0	0	0	0
csf1ra	CSF1R	2	1	1	1	1	1	1	1	1	1	0	1	1	1	1	1	1	1	1	1	0
csf1rb	CSF1R	2	0	1	1	1	0	1	1	0	0	1	0	1	1	1	0	1	1	0	0	1
csf3r	CSF3R	2	1	1	1	1	1	1	1	1	0	0	1	1	1	1	1	1	1	1	0	0
cspg4	CSPG4	2	1	0	0	0	0	0	0	0	0	0	1	0	0	0	0	0	0	0	0	0
cd28	CTLA4	2	0	0	0	0	0	0	0	0	0	0	0	0	0	0	0	0	0	0	0	0
ccr11.1	CX3CR1	2	0	0	0	0	0	0	0	0	0	0	0	0	0	0	0	0	0	0	0	0
ccr2	CX3CR1	2	1	0	1	0	0	0	0	0	0	0	1	0	1	0	0	0	0	0	0	0
cxcr2	CXCR1	2	0	0	0	0	0	0	0	0	0	0	0	0	0	0	0	0	0	0	0	0
cxcr3.1	CXCR3	2	0	0	0	0	0	0	0	0	0	0	0	0	0	0	0	0	0	0	0	0
cxcr3.3	CXCR3	2	1	1	1	1	1	1	1	1	0	0	1	1	1	1	1	1	1	1	0	0
cxcr4a	CXCR4	2	0	1	1	1	1	0	1	0	1	1	0	1	1	1	1	0	1	0	1	1
cxcr4b	CXCR4	2	1	1	1	1	1	1	1	1	1	1	1	1	1	1	1	1	1	1	1	1
cxcr5	CXCR5	2	0	0	0	0	0	0	0	0	0	0	0	0	0	0	0	0	0	0	0	0
dcbld2	DCBLD2	2	0	0	0	0	0	0	0	0	1	0	0	0	0	0	0	0	0	0	1	0
ddr1	DDR1	2	0	0	0	0	0	0	0	0	0	0	0	0	0	0	0	0	0	0	0	0
ddr2a	DDR2	2	0	0	0	0	0	0	0	0	0	0	0	0	0	0	0	0	0	0	0	0
zgc:136971	DPP4	2	0	0	0	0	0	0	0	0	0	0	0	0	0	0	0	0	0	0	0	0
dpp4	DPP4	2	0	0	0	0	0	0	0	0	0	0	0	0	0	0	0	0	0	0	0	0
drd2b	DRD2	2	0	0	0	0	0	0	0	0	0	0	0	0	0	0	0	0	0	0	0	0
dysf	DYSF	2	0	0	0	0	0	0	0	0	0	0	0	0	0	0	0	0	0	0	0	0
ednraa	EDNRA	2	0	0	0	0	0	0	0	0	0	0	0	0	0	0	0	0	0	0	0	0
ednrab	EDNRA	2	0	0	0	0	0	0	0	0	1	0	0	0	0	0	0	0	0	0	1	0
egfra	EGFR	2	0	0	0	0	0	0	0	0	0	0	0	0	0	0	0	0	0	0	0	0
CU927890.1	ENG	2	1	1	0	0	0	0	0	0	0	0	1	1	0	0	0	0	0	0	0	0
enpep	ENPEP	2	0	0	0	0	0	0	0	0	0	0	0	0	0	0	0	0	0	0	0	0
epha3	EPHA3	2	0	0	0	0	0	0	0	0	0	0	0	0	0	0	0	0	0	0	0	0
epha4a	EPHA4	2	0	0	0	0	0	0	0	0	0	0	0	0	0	0	0	0	0	0	0	0
epha4l	EPHA4	2	0	0	0	0	0	0	0	0	0	0	0	0	0	0	0	0	0	0	0	0
FQ377603.1	EPHB1	2	0	0	0	0	0	0	0	0	0	0	0	0	0	0	0	0	0	0	0	0
ephb1	EPHB1	2	0	0	0	0	0	0	0	0	0	0	0	0	0	0	0	0	0	0	0	0
ephb2b	EPHB2	2	0	0	0	0	0	0	0	0	0	0	0	0	0	0	0	0	0	0	0	0
ephb3a	EPHB3	2	0	0	0	0	0	0	0	0	0	0	0	0	0	0	0	0	0	0	0	0
EPHB3	EPHB3	2	0	0	0	0	0	0	0	0	0	0	0	0	0	0	0	0	0	0	0	0
ephb4b	EPHB4	2	0	0	0	0	0	0	0	0	0	0	0	0	0	0	0	0	0	0	0	0
epor	EPOR	2	0	0	0	0	0	0	0	0	0	0	0	0	0	0	0	0	0	0	0	0
il4r.2	EPOR	2	1	1	1	1	0	1	0	1	0	0	1	1	1	1	0	1	0	1	0	0
il4r.1	EPOR	2	1	1	1	1	1	1	1	1	1	0	1	1	1	1	1	1	1	1	1	0
erap1b	ERAP1	2	1	1	1	1	1	1	1	1	0	1	1	1	1	1	1	1	1	1	0	1
erap1a	ERAP1	2	0	0	0	0	0	0	0	0	0	0	0	0	0	0	0	0	0	0	0	0
erbb2	ERBB2	2	0	0	0	0	0	0	0	0	0	0	0	0	0	0	0	0	0	0	0	0
esama	ESAM	2	0	0	0	0	0	0	0	0	0	0	0	0	0	0	0	0	0	0	0	0
esr1	ESR1	2	0	0	0	0	0	0	0	0	0	0	0	0	0	0	0	0	0	0	0	0
ezrb	EZR	2	1	1	1	1	1	1	1	1	1	1	1	1	1	1	1	1	1	1	1	1
ezra	EZR	2	0	0	0	0	0	0	0	0	0	0	0	0	0	0	0	0	0	0	0	0
f11r.2	F11R	2	0	0	0	0	0	0	0	0	0	0	0	0	0	0	0	0	0	0	0	0
f11r.1	F11R	2	1	1	1	1	1	1	1	1	1	0	1	1	1	1	1	1	1	1	1	0
f2r	F2R	2	0	0	0	0	0	0	0	0	0	0	0	0	0	0	0	0	0	0	0	0
f2rl1.1	F2RL1	2	0	0	0	0	0	0	0	0	0	0	0	0	0	0	0	0	0	0	0	0
f2rl2	F2RL2	2	0	0	0	0	0	0	0	0	0	0	0	0	0	0	0	0	0	0	0	0
F2RL2	F2RL2	2	0	0	0	0	0	0	0	0	0	0	0	0	0	0	0	0	0	0	0	0
F2RL3	F2RL3	2	0	0	0	0	0	0	0	0	0	0	0	0	0	0	0	0	0	0	0	0
f3a	F3	2	0	0	0	0	0	0	0	0	0	0	0	0	0	0	0	0	0	0	0	0
fgfr1a	FGFR1	2	0	0	0	0	0	0	0	0	0	0	0	0	0	0	0	0	0	0	0	0
fgfr1b	FGFR1	2	0	0	0	0	0	0	0	0	0	0	0	0	0	0	0	0	0	0	0	0
fgfr2	FGFR2	2	0	0	0	0	0	0	0	0	0	0	0	0	0	0	0	0	0	0	0	0
fgfr3	FGFR3	2	0	0	0	0	0	0	0	0	0	0	0	0	0	0	0	0	0	0	0	0
fgfrl1a	FGFRL1	2	0	0	0	0	0	0	0	0	0	0	0	0	0	0	0	0	0	0	0	0
flrt3	FLRT3	2	0	0	0	0	0	1	0	0	0	1	0	0	0	0	0	1	0	0	0	1
flt1	FLT1	2	0	0	0	0	0	0	0	0	0	1	0	0	0	0	0	0	0	0	0	1
flt4	FLT4	2	0	0	0	0	0	0	0	0	0	0	0	0	0	0	0	0	0	0	0	0
fxyd6	FXYD6	2	0	0	0	0	0	0	0	0	0	0	0	0	0	0	0	0	0	0	0	0
fzd1	FZD1	2	0	0	0	0	0	0	0	0	0	0	0	0	0	0	0	0	0	0	0	0
fzd10	FZD10	2	0	0	0	0	0	0	0	0	0	0	0	0	0	0	0	0	0	0	0	0
fzd2	FZD2	2	0	0	0	0	0	0	0	0	0	0	0	0	0	0	0	0	0	0	0	0
fzd3a	FZD3	2	0	0	0	0	0	0	0	0	0	0	0	0	0	0	0	0	0	0	0	0
fzd3b	FZD3	2	0	0	0	0	0	0	0	0	0	0	0	0	0	0	0	0	0	0	0	0
fzd5	FZD5	2	0	0	0	0	0	0	0	0	0	0	0	0	0	0	0	0	0	0	0	0
fzd6	FZD6	2	0	0	0	0	0	0	0	0	0	0	0	0	0	0	0	0	0	0	0	0
fzd7b	FZD7	2	0	0	0	0	0	0	0	0	0	0	0	0	0	0	0	0	0	0	0	0
fzd7a	FZD7	2	0	0	0	0	0	0	0	0	0	0	0	0	0	0	0	0	0	0	0	0
fzd8b	FZD8	2	0	0	0	0	0	0	0	0	0	0	0	0	0	0	0	0	0	0	0	0
fzd8a	FZD8	2	0	0	0	0	0	0	0	0	0	0	0	0	0	0	0	0	0	0	0	0
fzd9b	FZD9	2	0	0	0	0	0	0	0	0	0	0	0	0	0	0	0	0	0	0	0	0
gas1b	GAS1	2	0	0	0	0	0	0	0	0	0	0	0	0	0	0	0	0	0	0	0	0
gas1a	GAS1	2	0	0	0	0	0	0	0	0	0	0	0	0	0	0	0	0	0	0	0	0
gipr	GCGR	2	0	0	0	0	0	0	0	0	0	0	0	0	0	0	0	0	0	0	0	0
gfra1a	GFRA1	2	0	0	0	0	0	0	0	0	0	0	0	0	0	0	0	0	0	0	0	0
gfra3	GFRA3	2	0	0	0	0	0	0	0	0	1	0	0	0	0	0	0	0	0	0	1	0
ghra	GHR	2	0	0	0	0	0	0	0	0	0	0	0	0	0	0	0	0	0	0	0	0
ghrb	GHR	2	0	0	0	0	0	0	0	0	1	0	0	0	0	0	0	0	0	0	1	0
cx30.3	GJB2	2	0	0	0	0	0	0	0	0	0	0	0	0	0	0	0	0	0	0	0	0
gp1bb	GP1BB	2	0	0	0	0	0	0	0	0	0	0	0	0	0	0	0	0	0	0	0	0
gp9	GP9	2	0	0	0	0	0	0	0	0	0	0	0	0	0	0	0	0	0	0	0	0
gpc1b	GPC1	2	1	1	1	1	1	1	1	1	1	0	1	1	1	1	1	1	1	1	1	0
gpc1a	GPC1	2	0	0	0	0	0	0	0	0	0	0	0	0	0	0	0	0	0	0	0	0
gpc4	GPC4	2	0	0	0	0	0	0	0	0	0	0	0	0	0	0	0	0	0	0	0	0
gpc5a	GPC5	2	0	0	0	0	0	0	0	0	0	0	0	0	0	0	0	0	0	0	0	0
gpnmb	GPNMB	2	1	0	0	0	0	0	0	1	0	0	1	0	0	0	0	0	0	1	0	0
gpr171	GPR171	2	0	0	0	0	0	0	0	0	0	0	0	0	0	0	0	0	0	0	0	0
gpr182	GPR182	2	0	0	0	0	0	0	0	0	0	0	0	0	0	0	0	0	0	0	0	0
gpr20	GPR20	2	0	0	0	0	0	0	0	0	0	0	0	0	0	0	0	0	0	0	0	0
CT583662.1	GPR35	2	0	0	0	0	0	0	0	0	0	0	0	0	0	0	0	0	0	0	0	0
gpr35.1	GPR35	2	0	0	0	0	0	0	0	0	0	0	0	0	0	0	0	0	0	0	0	0
gpr37a	GPR37	2	0	0	0	0	0	0	0	0	0	0	0	0	0	0	0	0	0	0	0	0
gpr37l1a	GPR37L1	2	0	0	0	0	0	0	0	0	0	0	0	0	0	0	0	0	0	0	0	0
si:ch73-90p23.1	GPR42	2	0	1	0	1	0	0	0	1	0	0	0	1	0	1	0	0	0	1	0	0
gpr75	GPR75	2	0	0	0	0	0	0	0	0	0	0	0	0	0	0	0	0	0	0	0	0
gpr84	GPR84	2	1	1	1	1	1	1	1	1	1	0	1	1	1	1	1	1	1	1	1	0
gprc6a	GPRC6A	2	0	0	0	0	0	0	0	0	0	0	0	0	0	0	0	0	0	0	0	0
grin2ab	GRIN2A	2	0	0	0	0	0	0	0	0	0	0	0	0	0	0	0	0	0	0	0	0
grin2bb	GRIN2B	2	0	0	0	0	0	0	0	0	0	0	0	0	0	0	0	0	0	0	0	0
grin2db	GRIN2D	2	0	0	0	0	0	0	0	0	0	0	0	0	0	0	0	0	0	0	0	0
grin2da	GRIN2D	2	0	0	0	0	0	0	0	0	0	0	0	0	0	0	0	0	0	0	0	0
grm1a	GRM1	2	0	0	0	0	0	0	0	0	0	0	0	0	0	0	0	0	0	0	0	0
grm1b	GRM1	2	0	0	0	0	0	0	0	0	0	0	0	0	0	0	0	0	0	0	0	0
grm4	GRM4	2	0	0	0	0	0	0	0	0	0	0	0	0	0	0	0	0	0	0	0	0
CR974456.1	GRM7	2	0	0	0	0	0	0	0	0	0	0	0	0	0	0	0	0	0	0	0	0
si:ch73-139e5.4	GUCY2C	2	0	0	0	0	0	0	0	0	0	0	0	0	0	0	0	0	0	0	0	0
hhip	HHIP	2	0	0	0	0	0	0	0	0	0	0	0	0	0	0	0	0	0	0	0	0
hjv	HJV	2	0	0	0	0	0	0	0	0	0	0	0	0	0	0	0	0	0	0	0	0
hmmr	HMMR	2	0	0	0	0	1	0	0	0	0	0	0	0	0	0	1	0	0	0	0	0
htr2ab	HTR2A	2	0	0	0	0	0	0	0	0	0	0	0	0	0	0	0	0	0	0	0	0
htr2b	HTR2B	2	0	0	0	0	0	0	0	0	0	0	0	0	0	0	0	0	0	0	0	0
htr4	HTR4	2	0	0	0	0	0	0	0	0	0	0	0	0	0	0	0	0	0	0	0	0
htr5ab	HTR5A	2	0	0	0	0	0	0	0	0	0	0	0	0	0	0	0	0	0	0	0	0
htr7a	HTR7	2	0	0	0	0	0	0	0	0	0	0	0	0	0	0	0	0	0	0	0	0
il10rb	IFNAR1	2	0	0	0	0	0	0	0	0	0	0	0	0	0	0	0	0	0	0	0	0
crfb15	IFNGR1	2	0	0	0	0	0	0	0	0	0	0	0	0	0	0	0	0	0	0	0	0
ifngr1	IFNGR1	2	0	1	0	1	0	1	0	1	0	0	0	1	0	1	0	1	0	1	0	0
ifngr1l	IFNGR1	2	1	0	1	1	0	1	0	1	0	0	1	0	1	1	0	1	0	1	0	0
il10ra	IFNGR1	2	1	1	1	1	1	1	1	1	1	1	1	1	1	1	1	1	1	1	1	1
crfb2	IFNLR1	2	0	0	0	0	0	0	0	0	0	0	0	0	0	0	0	0	0	0	0	0
igf1rb	IGF1R	2	0	0	0	0	0	0	0	0	0	0	0	0	0	0	0	0	0	0	0	0
igf1ra	IGF1R	2	0	0	0	0	0	0	0	0	0	0	0	0	0	0	0	0	0	0	0	0
igf2r	IGF2R	2	1	1	1	1	1	1	1	1	1	1	1	1	1	1	1	1	1	1	1	1
igflr1	IGFLR1	2	0	0	0	1	0	1	1	1	0	1	0	0	0	1	0	1	1	1	0	1
ifngr2	IL10RA	2	1	1	1	1	1	1	1	1	1	1	1	1	1	1	1	1	1	1	1	1
crfb4	IL10RB	2	1	1	1	1	1	1	1	1	1	1	1	1	1	1	1	1	1	1	1	1
il23r	IL12RB2	2	0	0	0	0	0	0	0	0	0	0	0	0	0	0	0	0	0	0	0	0
il13ra2	IL13RA2	2	0	0	0	0	0	0	0	0	0	0	0	0	0	0	0	0	0	0	0	0
il15ra	IL15RA	2	1	1	1	1	1	1	1	1	1	1	1	1	1	1	1	1	1	1	1	1
il17ra1a	IL17RB	2	0	0	0	0	0	0	0	0	0	0	0	0	0	0	0	0	0	0	0	0
BX942819.1	IL17RB	2	0	0	0	0	0	0	0	0	0	0	0	0	0	0	0	0	0	0	0	0
il17ra1b	IL17RB	2	0	0	0	0	0	0	0	0	0	0	0	0	0	0	0	0	0	0	0	0
il17ra2	IL17RB	2	0	0	0	0	0	0	0	0	0	0	0	0	0	0	0	0	0	0	0	0
CABZ01054965.1	IL1R1	2	0	0	1	0	0	0	0	1	0	0	0	0	1	0	0	0	0	1	0	0
zmp:0000000936	IL1R1	2	0	1	1	0	0	1	0	0	0	0	0	1	1	0	0	1	0	0	0	0
CABZ01068246.1	IL1RAP	2	0	0	0	0	0	0	0	0	0	0	0	0	0	0	0	0	0	0	0	0
il1rapl1a	IL1RAPL1	2	0	0	0	0	0	0	0	0	0	0	0	0	0	0	0	0	0	0	0	0
il22ra2	IL22RA1	2	0	0	0	0	0	0	0	0	0	0	0	0	0	0	0	0	0	0	0	0
csf2rb	IL2RB	2	1	1	1	1	1	1	1	1	1	1	1	1	1	1	1	1	1	1	1	1
il2rb	IL2RB	2	0	0	0	0	0	0	0	0	0	0	0	0	0	0	0	0	0	0	0	0
il21r.1	IL2RB	2	1	1	1	1	1	1	1	1	1	1	1	1	1	1	1	1	1	1	1	1
il1fma	IL36RN	2	1	1	1	1	1	1	1	1	1	1	1	1	1	1	1	1	1	1	1	1
il2rgb	IL3RA	2	0	0	0	0	0	0	0	0	0	0	0	0	0	0	0	0	0	0	0	0
il2rga	IL3RA	2	1	1	1	1	1	1	1	1	0	1	1	1	1	1	1	1	1	1	0	1
il6r	IL6R	2	1	1	1	1	1	1	1	1	1	1	1	1	1	1	1	1	1	1	1	1
mpl	IL9R	2	0	0	0	0	0	0	0	0	0	0	0	0	0	0	0	0	0	0	0	0
insra	INSR	2	1	1	1	0	0	0	0	0	0	1	1	1	1	0	0	0	0	0	0	1
insrb	INSR	2	0	0	0	0	0	0	0	0	0	0	0	0	0	0	0	0	0	0	0	0
itga1	ITGA1	2	0	0	0	0	0	0	0	0	0	0	0	0	0	0	0	0	0	0	0	0
itga11a	ITGA11	2	0	0	0	0	0	0	0	0	0	0	0	0	0	0	0	0	0	0	0	0
itga11b	ITGA11	2	0	0	0	0	0	0	0	0	0	0	0	0	0	0	0	0	0	0	0	0
itga2.1	ITGA2	2	0	0	0	0	0	0	0	0	0	0	0	0	0	0	0	0	0	0	0	0
itga2.3	ITGA2	2	0	0	0	0	0	0	0	0	0	0	0	0	0	0	0	0	0	0	0	0
itga2.2	ITGA2	2	0	0	0	0	0	0	0	0	0	0	0	0	0	0	0	0	0	0	0	0
itga2b	ITGA2B	2	0	0	0	0	0	0	0	0	0	0	0	0	0	0	0	0	0	0	0	0
itga3a	ITGA3	2	0	0	0	0	0	0	0	0	0	0	0	0	0	0	0	0	0	0	0	0
itga3b	ITGA3	2	0	0	0	0	0	0	0	0	0	0	0	0	0	0	0	0	0	0	0	0
itga4	ITGA4	2	1	1	1	1	1	1	1	1	0	0	1	1	1	1	1	1	1	1	0	0
itga5	ITGA5	2	1	1	1	1	1	1	1	1	1	0	1	1	1	1	1	1	1	1	1	0
itga6b	ITGA6	2	0	0	0	0	0	0	0	0	0	0	0	0	0	0	0	0	0	0	0	0
itga6a	ITGA6	2	0	0	0	0	0	0	0	0	0	0	0	0	0	0	0	0	0	0	0	0
itga9	ITGA9	2	0	0	0	0	0	0	0	0	0	0	0	0	0	0	0	0	0	0	0	0
itgae.2	ITGAE	2	1	1	1	1	1	1	1	1	1	1	1	1	1	1	1	1	1	1	1	1
itgae.1	ITGAE	2	1	1	1	1	1	1	1	1	1	1	1	1	1	1	1	1	1	1	1	1
itgav	ITGAV	2	1	1	1	1	1	1	0	1	0	1	1	1	1	1	1	1	0	1	0	1
si:dkey-32n7.4	ITGAX	2	1	1	1	1	1	1	1	1	1	1	1	1	1	1	1	1	1	1	1	1
itgam	ITGAX	2	0	0	0	0	0	0	0	0	0	0	0	0	0	0	0	0	0	0	0	0
CABZ01058721.1	ITGB1	2	1	1	1	1	0	1	0	0	0	0	1	1	1	1	0	1	0	0	0	0
itgb1b	ITGB1	2	1	1	1	1	0	1	0	0	0	0	1	1	1	1	0	1	0	0	0	0
itgb1b.1	ITGB1	2	0	0	0	0	0	0	0	0	0	1	0	0	0	0	0	0	0	0	0	1
itgb1b.2	ITGB1	2	0	0	0	0	0	0	0	0	0	0	0	0	0	0	0	0	0	0	0	0
itgb1a	ITGB1	2	0	0	0	0	0	0	0	0	0	1	0	0	0	0	0	0	0	0	0	1
itgb2	ITGB2	2	1	1	1	1	1	1	1	1	1	1	1	1	1	1	1	1	1	1	1	1
itgb3a	ITGB3	2	0	0	0	0	0	0	0	0	0	0	0	0	0	0	0	0	0	0	0	0
itgb3b	ITGB3	2	0	0	0	0	0	0	0	0	0	0	0	0	0	0	0	0	0	0	0	0
itgb4	ITGB4	2	0	0	0	0	0	0	0	0	0	0	0	0	0	0	0	0	0	0	0	0
itgb5	ITGB5	2	0	0	1	0	0	0	0	0	0	0	0	0	1	0	0	0	0	0	0	0
itgb6	ITGB6	2	0	0	0	0	0	0	0	0	0	0	0	0	0	0	0	0	0	0	0	0
itgb7	ITGB7	2	1	1	1	1	1	1	1	1	0	1	1	1	1	1	1	1	1	1	0	1
itgb8	ITGB8	2	0	0	0	0	0	0	0	0	0	0	0	0	0	0	0	0	0	0	0	0
jmjd6	JMJD6	2	0	0	0	0	0	0	0	0	0	0	0	0	0	0	0	0	0	0	0	0
kcnn4	KCNN4	2	0	0	0	0	0	0	0	0	0	0	0	0	0	0	0	0	0	0	0	0
kcnq5b	KCNQ5	2	0	1	0	0	0	0	0	0	0	1	0	1	0	0	0	0	0	0	0	1
kcnq5a	KCNQ5	2	0	0	0	0	0	0	0	0	0	0	0	0	0	0	0	0	0	0	0	0
kdr	KDR	2	0	0	0	0	0	0	0	0	0	0	0	0	0	0	0	0	0	0	0	0
kidins220b	KIDINS220	2	1	1	1	1	1	1	0	1	0	1	1	1	1	1	1	1	0	1	0	1
kidins220a	KIDINS220	2	0	0	0	0	0	0	0	0	0	0	0	0	0	0	0	0	0	0	0	0
kiss1rb	KISS1R	2	0	0	0	0	0	0	0	0	0	0	0	0	0	0	0	0	0	0	0	0
kita	KIT	2	0	0	0	0	0	0	0	0	0	1	0	0	0	0	0	0	0	0	0	1
kl	KL	2	0	0	0	0	0	0	0	0	0	0	0	0	0	0	0	0	0	0	0	0
klb	KLB	2	0	0	0	0	0	0	0	0	0	0	0	0	0	0	0	0	0	0	0	0
si:dkey-26c10.5	KLRD1	2	1	1	1	1	1	1	1	1	1	0	1	1	1	1	1	1	1	1	1	0
si:ch211-170d8.8	KLRF2	2	0	0	0	0	0	0	0	0	0	0	0	0	0	0	0	0	0	0	0	0
kremen1	KREMEN1	2	0	0	0	0	0	0	0	0	0	0	0	0	0	0	0	0	0	0	0	0
lamp1a	LAMP1	2	0	0	0	0	0	0	0	0	0	0	0	0	0	0	0	0	0	0	0	0
lamp1b	LAMP1	2	0	0	0	0	0	0	0	0	0	0	0	0	0	0	0	0	0	0	0	0
si:dkey-258f14.3	LDLR	2	0	0	0	0	0	0	0	0	0	0	0	0	0	0	0	0	0	0	0	0
lepr	LEPR	2	0	0	0	0	0	0	0	0	0	0	0	0	0	0	0	0	0	0	0	0
lgr4	LGR4	2	0	0	0	0	0	0	0	0	0	0	0	0	0	0	0	0	0	0	0	0
osmr	LIFR	2	0	0	0	0	0	0	0	0	0	0	0	0	0	0	0	0	0	0	0	0
lmbr1l	LMBR1L	2	0	0	0	0	0	0	0	0	0	0	0	0	0	0	0	0	0	0	0	0
lpar1	LPAR1	2	0	0	0	0	0	0	0	0	0	0	0	0	0	0	0	0	0	0	0	0
lpar2a	LPAR2	2	0	0	0	0	0	0	0	0	0	1	0	0	0	0	0	0	0	0	0	1
lpar2b	LPAR2	2	0	0	0	0	0	0	0	0	0	0	0	0	0	0	0	0	0	0	0	0
lpar3	LPAR3	2	0	0	0	0	0	0	0	0	0	0	0	0	0	0	0	0	0	0	0	0
lrp1ab	LRP1	2	1	1	1	1	1	0	1	1	1	0	1	1	1	1	1	0	1	1	1	0
lrp1aa	LRP1	2	0	0	0	0	0	0	0	0	0	0	0	0	0	0	0	0	0	0	0	0
lrp10	LRP10	2	1	1	1	1	1	1	1	1	1	1	1	1	1	1	1	1	1	1	1	1
lrp2a	LRP2	2	0	0	0	0	0	0	0	0	0	0	0	0	0	0	0	0	0	0	0	0
lrp4	LRP4	2	0	0	0	0	0	0	0	0	0	1	0	0	0	0	0	0	0	0	0	1
lrp5	LRP5	2	0	0	0	0	0	0	0	0	0	0	0	0	0	0	0	0	0	0	0	0
lrp6	LRP6	2	0	0	0	0	0	0	0	0	0	0	0	0	0	0	0	0	0	0	0	0
lrp8	LRP8	2	0	0	0	0	0	0	0	0	0	0	0	0	0	0	0	0	0	0	0	0
lrrc4.1	LRRC4	2	0	0	0	0	0	0	0	0	0	0	0	0	0	0	0	0	0	0	0	0
lsr	LSR	2	0	0	0	0	0	0	0	0	0	0	0	0	0	0	0	0	0	0	0	0
lyve1a	LYVE1	2	0	0	0	0	0	0	0	0	0	0	0	0	0	0	0	0	0	0	0	0
lyve1b	LYVE1	2	0	0	0	0	0	0	0	0	0	0	0	0	0	0	0	0	0	0	0	0
mc5rb	MC5R	2	0	0	0	0	0	0	0	0	0	0	0	0	0	0	0	0	0	0	0	0
mcamb	MCAM	2	0	0	0	0	0	0	0	0	1	0	0	0	0	0	0	0	0	0	1	0
mcfd2	MCFD2	2	1	1	0	1	1	1	0	0	1	0	1	1	0	1	1	1	0	0	1	0
MCHR2	MCHR2	2	0	0	0	0	0	0	0	0	0	0	0	0	0	0	0	0	0	0	0	0
mertka	MERTK	2	1	1	1	1	0	1	1	1	1	0	1	1	1	1	0	1	1	1	1	0
met	MET	2	0	0	0	0	0	0	0	0	0	0	0	0	0	0	0	0	0	0	0	0
mgrn1b	MGRN1	2	1	1	1	1	1	1	1	1	1	1	1	1	1	1	1	1	1	1	1	1
mgrn1a	MGRN1	2	0	0	0	0	0	0	0	0	0	0	0	0	0	0	0	0	0	0	0	0
mipb	MIP	2	0	0	0	0	0	0	0	0	0	0	0	0	0	0	0	0	0	0	0	0
mipa	MIP	2	0	0	0	0	0	0	0	0	0	0	0	0	0	0	0	0	0	0	0	0
mlnr	MLNR	2	0	0	0	0	0	0	0	0	0	0	0	0	0	0	0	0	0	0	0	0
mrc2	MRC2	2	0	0	0	0	0	0	0	0	0	0	0	0	0	0	0	0	0	0	0	0
msna	MSN	2	1	1	1	1	1	1	1	1	1	1	1	1	1	1	1	1	1	1	1	1
mst1ra	MST1R	2	0	0	0	0	0	0	0	0	0	0	0	0	0	0	0	0	0	0	0	0
mst1rb	MST1R	2	0	0	0	0	0	0	0	0	0	0	0	0	0	0	0	0	0	0	0	0
mtnr1ab	MTNR1A	2	0	0	0	0	0	0	0	0	0	0	0	0	0	0	0	0	0	0	0	0
mttp	MTTP	2	0	0	0	0	0	0	0	0	0	0	0	0	0	0	0	0	0	0	0	0
mylkb	MYLK	2	0	0	0	0	0	0	0	0	0	0	0	0	0	0	0	0	0	0	0	0
mylka	MYLK	2	0	0	0	0	0	0	0	0	0	0	0	0	0	0	0	0	0	0	0	0
CABZ01110881.1	NCSTN	2	0	0	0	0	0	0	0	0	0	0	0	0	0	0	0	0	0	0	0	0
si:dkey-15j16.3	NECTIN1	2	1	1	1	1	0	1	1	1	0	1	1	1	1	1	0	1	1	1	0	1
si:dkey-15j16.6	NECTIN1	2	1	1	1	1	1	1	1	1	1	0	1	1	1	1	1	1	1	1	1	0
nectin1b	NECTIN1	2	0	0	0	0	0	0	0	0	0	0	0	0	0	0	0	0	0	0	0	0
si:ch73-22o12.1	NECTIN2	2	1	1	1	1	0	1	1	1	0	1	1	1	1	1	0	1	1	1	0	1
CR936977.2	NECTIN3	2	0	0	0	0	0	0	0	0	0	0	0	0	0	0	0	0	0	0	0	0
nectin3b	NECTIN3	2	0	0	0	0	0	0	0	0	0	0	0	0	0	0	0	0	0	0	0	0
nectin4a	NECTIN4	2	0	0	0	0	0	0	0	0	0	0	0	0	0	0	0	0	0	0	0	0
nectin4b	NECTIN4	2	0	0	0	0	0	0	0	0	0	0	0	0	0	0	0	0	0	0	0	0
neo1a	NEO1	2	0	0	0	0	0	0	0	0	0	0	0	0	0	0	0	0	0	0	0	0
neo1b	NEO1	2	0	0	0	0	0	0	0	0	0	0	0	0	0	0	0	0	0	0	0	0
ngfra	NGFR	2	0	0	0	0	0	0	0	0	0	0	0	0	0	0	0	0	0	0	0	0
ngfrb	NGFR	2	1	0	1	0	0	0	0	0	0	1	1	0	1	0	0	0	0	0	0	1
notch1b	NOTCH1	2	0	0	0	0	0	0	0	0	0	0	0	0	0	0	0	0	0	0	0	0
notch1a	NOTCH1	2	1	1	1	1	0	0	0	1	0	1	1	1	1	1	0	0	0	1	0	1
si:ch73-281k2.5	NOTCH2	2	0	0	0	1	1	1	1	1	0	0	0	0	0	1	1	1	1	1	0	0
notch2	NOTCH2	2	1	1	1	1	1	1	1	1	1	1	1	1	1	1	1	1	1	1	1	1
notch3	NOTCH3	2	0	0	0	0	0	1	0	0	0	0	0	0	0	0	0	1	0	0	0	0
CABZ01102109.1	NOTCH4	2	0	0	0	0	0	0	0	0	0	0	0	0	0	0	0	0	0	0	0	0
jag2a	NOTCH4	2	0	0	0	0	0	0	0	0	0	0	0	0	0	0	0	0	0	0	0	0
npr2	NPR1	2	0	0	0	0	0	0	0	0	0	0	0	0	0	0	0	0	0	0	0	0
npr1a	NPR2	2	0	0	0	0	0	0	0	0	0	0	0	0	0	0	0	0	0	0	0	0
npr3	NPR3	2	0	0	0	0	0	0	0	0	0	0	0	0	0	0	0	0	0	0	0	0
si:dkey-78k11.9	NPSR1	2	0	0	0	0	0	0	0	0	0	1	0	0	0	0	0	0	0	0	0	1
nptna	NPTN	2	0	0	0	0	0	0	0	0	0	0	0	0	0	0	0	0	0	0	0	0
nrp1a	NRP1	2	1	1	1	1	0	0	1	1	0	0	1	1	1	1	0	0	1	1	0	0
nrp2a	NRP2	2	0	0	0	0	0	0	0	0	0	0	0	0	0	0	0	0	0	0	0	0
nrp2b	NRP2	2	0	0	0	0	0	0	0	0	0	1	0	0	0	0	0	0	0	0	0	1
NRXN2	NRXN2	2	0	0	0	0	0	0	0	0	0	0	0	0	0	0	0	0	0	0	0	0
nt5e	NT5E	2	0	0	0	0	0	0	0	0	0	1	0	0	0	0	0	0	0	0	0	1
ntrk2b	NTRK2	2	0	0	0	0	0	0	0	0	0	0	0	0	0	0	0	0	0	0	0	0
ntrk3b	NTRK3	2	0	0	0	0	0	0	0	0	0	0	0	0	0	0	0	0	0	0	0	0
ntrk3a	NTRK3	2	0	0	0	0	0	0	0	0	0	0	0	0	0	0	0	0	0	0	0	0
oclna	OCLN	2	0	0	0	0	0	0	0	0	0	0	0	0	0	0	0	0	0	0	0	0
ogfr	OGFR	2	0	0	0	0	0	0	0	0	0	0	0	0	0	0	0	0	0	0	0	0
ogfrl2	OGFR	2	1	1	1	1	1	1	1	1	1	1	1	1	1	1	1	1	1	1	1	1
CABZ01008730.1	OGFR	2	0	0	0	0	0	0	0	1	0	0	0	0	0	0	0	0	0	1	0	0
zgc:162182	OGFR	2	0	0	0	0	0	0	0	1	0	0	0	0	0	0	0	0	0	1	0	0
oprd1b	OPRD1	2	0	0	0	0	0	0	0	0	0	0	0	0	0	0	0	0	0	0	0	0
oprl1	OPRL1	2	0	0	0	0	0	0	0	0	0	0	0	0	0	0	0	0	0	0	0	0
oprm1	OPRM1	2	0	0	0	0	0	0	0	0	0	0	0	0	0	0	0	0	0	0	0	0
orai2	ORAI2	2	0	0	0	0	0	0	0	0	0	0	0	0	0	0	0	0	0	0	0	0
lifra	OSMR	2	0	0	0	0	0	0	0	0	0	0	0	0	0	0	0	0	0	0	0	0
lifrb	OSMR	2	1	1	1	1	1	1	0	1	0	0	1	1	1	1	1	1	0	1	0	0
p2rx7	P2RX7	2	0	0	1	0	0	0	1	0	0	0	0	0	1	0	0	0	1	0	0	0
p2ry12	P2RY12	2	1	1	1	1	1	1	1	1	0	0	1	1	1	1	1	1	1	1	0	0
P2RY14	P2RY14	2	0	0	0	0	0	0	0	0	0	1	0	0	0	0	0	0	0	0	0	1
pdcd2	PDCD2	2	0	0	0	0	0	0	0	0	0	0	0	0	0	0	0	0	0	0	0	0
pde1a	PDE1A	2	0	0	0	0	0	0	0	0	1	0	0	0	0	0	0	0	0	0	1	0
pdgfra	PDGFRA	2	0	0	0	0	0	0	0	0	0	0	0	0	0	0	0	0	0	0	0	0
pdgfrb	PDGFRB	2	0	0	0	0	0	0	0	0	0	0	0	0	0	0	0	0	0	0	0	0
pecam1	PECAM1	2	0	0	0	0	0	0	0	0	0	0	0	0	0	0	0	0	0	0	0	0
si:dkey-237i9.8	PECAM1	2	0	0	0	0	0	0	0	0	0	0	0	0	0	0	0	0	0	0	0	0
pglyrp5	PGLYRP1	2	1	1	1	1	1	1	1	1	0	0	1	1	1	1	1	1	1	1	0	0
pgrmc1	PGRMC1	2	1	1	1	1	1	1	1	1	1	1	1	1	1	1	1	1	1	1	1	1
phex	PHEX	2	0	0	0	0	0	0	0	0	0	0	0	0	0	0	0	0	0	0	0	0
pla2r1	PLA2R1	2	0	0	0	0	0	0	0	0	0	0	0	0	0	0	0	0	0	0	0	0
pld2	PLD2	2	0	0	0	0	0	0	0	0	0	0	0	0	0	0	0	0	0	0	0	0
plgrkt	PLGRKT	2	0	0	0	0	0	0	0	0	1	0	0	0	0	0	0	0	0	0	1	0
plpp6	PLPP6	2	0	0	0	0	0	0	0	0	0	0	0	0	0	0	0	0	0	0	0	0
plxna1a	PLXNA1	2	0	0	0	0	0	0	0	0	0	0	0	0	0	0	0	0	0	0	0	0
PLXNA1	PLXNA1	2	0	0	0	0	0	0	0	0	0	0	0	0	0	0	0	0	0	0	0	0
plxna2	PLXNA2	2	0	0	0	0	0	0	0	0	0	0	0	0	0	0	0	0	0	0	0	0
plxna3	PLXNA3	2	0	0	0	0	0	0	0	0	0	0	0	0	0	0	0	0	0	0	0	0
plxna4	PLXNA4	2	0	0	0	0	0	0	0	0	0	0	0	0	0	0	0	0	0	0	0	0
plxnb1b	PLXNB1	2	0	0	0	0	0	0	0	0	0	0	0	0	0	0	0	0	0	0	0	0
plxnb1a	PLXNB1	2	0	0	0	0	0	0	0	0	0	1	0	0	0	0	0	0	0	0	0	1
plxnb2a	PLXNB2	2	0	0	0	0	0	0	0	0	0	0	0	0	0	0	0	0	0	0	0	0
si:ch211-127b11.1	PLXNB2	2	0	0	0	0	0	0	0	0	0	0	0	0	0	0	0	0	0	0	0	0
si:dkey-183c2.4	PLXNB2	2	0	0	0	1	1	1	1	1	0	0	0	0	0	1	1	1	1	1	0	0
plxnb2b	PLXNB2	2	0	0	1	0	0	0	0	0	0	0	0	0	1	0	0	0	0	0	0	0
plxnc1	PLXNB3	2	1	1	1	1	1	1	1	1	1	1	1	1	1	1	1	1	1	1	1	1
plxnb3	PLXNB3	2	0	0	0	0	0	0	0	0	0	0	0	0	0	0	0	0	0	0	0	0
plxnd1	PLXND1	2	0	0	0	0	0	0	0	0	0	0	0	0	0	0	0	0	0	0	0	0
prlrb	PRLR	2	0	0	0	0	0	0	0	0	0	0	0	0	0	0	0	0	0	0	0	0
ptch1	PTCH1	2	0	0	0	0	0	0	0	0	0	0	0	0	0	0	0	0	0	0	0	0
ptch2	PTCH2	2	0	0	0	0	0	0	0	0	0	0	0	0	0	0	0	0	0	0	0	0
ptger2b	PTGER2	2	0	0	0	0	0	1	0	0	0	0	0	0	0	0	0	1	0	0	0	0
ptger2a	PTGER2	2	0	0	0	0	0	0	0	0	0	0	0	0	0	0	0	0	0	0	0	0
ptger3	PTGER3	2	0	0	0	0	0	0	0	0	0	0	0	0	0	0	0	0	0	0	0	0
ptger4b	PTGER4	2	0	0	0	0	0	0	0	0	0	0	0	0	0	0	0	0	0	0	0	0
ptger4a	PTGER4	2	0	0	0	0	0	0	0	0	0	0	0	0	0	0	0	0	0	0	0	0
ptgir	PTGIR	2	0	0	0	0	0	0	0	0	0	0	0	0	0	0	0	0	0	0	0	0
LT631676.1	PTK7	2	0	0	0	0	0	0	0	0	0	0	0	0	0	0	0	0	0	0	0	0
ptk7a	PTK7	2	0	0	0	0	0	0	0	0	0	0	0	0	0	0	0	0	0	0	0	0
ptpra	PTPRA	2	0	0	0	0	0	0	0	0	0	0	0	0	0	0	0	0	0	0	0	0
ptprb	PTPRB	2	0	0	0	0	0	0	0	0	0	0	0	0	0	0	0	0	0	0	0	0
ptprdb	PTPRD	2	0	0	0	0	0	0	0	0	0	1	0	0	0	0	0	0	0	0	0	1
ptprfa	PTPRF	2	0	0	0	0	0	0	0	0	0	0	0	0	0	0	0	0	0	0	0	0
ptprfb	PTPRF	2	0	0	0	0	0	0	0	0	0	0	0	0	0	0	0	0	0	0	0	0
ca16b	PTPRG	2	0	0	0	0	0	0	0	0	0	0	0	0	0	0	0	0	0	0	0	0
ptprga	PTPRG	2	0	0	0	0	0	0	0	0	0	0	0	0	0	0	0	0	0	0	0	0
ptprk	PTPRK	2	0	0	0	0	0	0	0	0	0	0	0	0	0	0	0	0	0	0	0	0
CABZ01044099.1	PTPRM	2	0	0	0	0	0	0	0	0	0	0	0	0	0	0	0	0	0	0	0	0
ptprub	PTPRU	2	0	0	0	0	0	0	0	0	0	0	0	0	0	0	0	0	0	0	0	0
ptprua	PTPRU	2	0	0	0	0	0	0	0	0	0	0	0	0	0	0	0	0	0	0	0	0
ptprz1b	PTPRZ1	2	0	0	0	0	0	0	0	0	0	0	0	0	0	0	0	0	0	0	0	0
ptprz1a	PTPRZ1	2	0	0	0	0	0	0	0	0	0	0	0	0	0	0	0	0	0	0	0	0
zgc:172122	PVR	2	0	0	0	0	0	0	0	0	0	0	0	0	0	0	0	0	0	0	0	0
sc:d189	PVR	2	0	0	0	0	0	0	0	0	0	0	0	0	0	0	0	0	0	0	0	0
si:ch211-214p13.3	PVR	2	0	0	0	0	0	0	0	0	0	0	0	0	0	0	0	0	0	0	0	0
si:ch211-141e20.2	PVR	2	0	0	0	0	0	0	0	0	0	1	0	0	0	0	0	0	0	0	0	1
pvrl2l	PVR	2	1	1	0	0	0	0	0	0	0	1	1	1	0	0	0	0	0	0	0	1
rack1	RACK1	2	1	1	1	1	1	1	1	1	1	1	1	1	1	1	1	1	1	1	1	1
RAMP1	RAMP1	2	0	0	0	0	0	0	0	0	0	0	0	0	0	0	0	0	0	0	0	0
ramp2	RAMP2	2	1	1	1	1	0	0	0	1	1	1	1	1	1	1	0	0	0	1	1	1
reck	RECK	2	0	0	0	0	0	0	0	0	0	0	0	0	0	0	0	0	0	0	0	0
ret	RET	2	0	0	0	0	0	0	0	0	0	0	0	0	0	0	0	0	0	0	0	0
rhag	RHAG	2	0	0	0	0	0	0	0	0	0	0	0	0	0	0	0	0	0	0	0	0
rhbdl2	RHBDL2	2	0	0	0	0	0	0	0	0	0	0	0	0	0	0	0	0	0	0	0	0
ripk1l	RIPK1	2	0	0	0	0	0	0	0	0	0	0	0	0	0	0	0	0	0	0	0	0
zgc:77784	ROBO3	2	0	0	0	0	0	0	0	0	0	0	0	0	0	0	0	0	0	0	0	0
robo3	ROBO3	2	0	0	0	0	0	0	0	0	0	0	0	0	0	0	0	0	0	0	0	0
ror1	ROR1	2	0	0	0	0	0	0	0	0	0	0	0	0	0	0	0	0	0	0	0	0
ror2	ROR2	2	0	0	0	0	0	0	0	0	0	0	0	0	0	0	0	0	0	0	0	0
rpsa	RPSA	2	1	1	1	1	1	1	1	1	1	1	1	1	1	1	1	1	1	1	1	1
rtn4r	RTN4R	2	0	0	0	0	0	0	0	0	0	0	0	0	0	0	0	0	0	0	0	0
rtn4rl1b	RTN4RL1	2	0	0	0	0	0	0	0	0	0	0	0	0	0	0	0	0	0	0	0	0
rxfp2a	RXFP2	2	0	0	0	0	0	0	0	0	0	0	0	0	0	0	0	0	0	0	0	0
rxrab	RXRA	2	0	0	0	0	0	0	0	0	0	0	0	0	0	0	0	0	0	0	0	0
rxraa	RXRA	2	0	0	0	0	0	0	0	0	0	0	0	0	0	0	0	0	0	0	0	0
ryk	RYK	2	0	0	0	0	0	0	0	0	0	0	0	0	0	0	0	0	0	0	0	0
ryr1b	RYR1	2	0	0	0	0	0	0	0	0	0	0	0	0	0	0	0	0	0	0	0	0
ryr1a	RYR1	2	0	0	0	0	0	0	0	0	0	0	0	0	0	0	0	0	0	0	0	0
ryr2b	RYR2	2	0	0	0	0	0	0	0	0	1	0	0	0	0	0	0	0	0	0	1	0
s1pr1	S1PR1	2	0	0	0	0	0	0	0	0	0	0	0	0	0	0	0	0	0	0	0	0
s1pr4	S1PR4	2	0	1	0	1	1	1	1	1	1	1	0	1	0	1	1	1	1	1	1	1
s1pr5b	S1PR5	2	0	0	0	0	0	0	0	0	0	0	0	0	0	0	0	0	0	0	0	0
scara5	SCARA5	2	0	0	0	0	0	0	0	0	0	0	0	0	0	0	0	0	0	0	0	0
scarb1	SCARB1	2	1	1	1	1	0	0	0	0	0	0	1	1	1	1	0	0	0	0	0	0
scarf1	SCARF1	2	1	0	1	1	1	1	0	0	0	0	1	0	1	1	1	1	0	0	0	0
scn5lab	SCN10A	2	0	0	0	0	0	0	0	0	1	0	0	0	0	0	0	0	0	0	1	0
scn8ab	SCN8A	2	0	0	0	0	0	0	0	0	0	0	0	0	0	0	0	0	0	0	0	0
sdc2	SDC2	2	1	1	1	1	1	1	1	1	1	1	1	1	1	1	1	1	1	1	1	1
sdc4	SDC4	2	1	1	1	1	1	1	1	1	1	1	1	1	1	1	1	1	1	1	1	1
selp	SELE	2	0	0	0	1	0	1	0	0	0	0	0	0	0	1	0	1	0	0	0	0
sigirr	SIGIRR	2	0	0	0	0	0	0	0	0	0	0	0	0	0	0	0	0	0	0	0	0
slc16a4	SLC16A4	2	0	0	0	0	0	0	0	0	0	0	0	0	0	0	0	0	0	0	0	0
slc18a2	SLC18A2	2	0	0	0	0	0	0	0	0	0	0	0	0	0	0	0	0	0	0	0	0
slc18a3a	SLC18A3	2	0	0	0	0	0	0	0	0	0	0	0	0	0	0	0	0	0	0	0	0
slc1a5	SLC1A5	2	1	1	1	1	1	1	1	1	0	1	1	1	1	1	1	1	1	1	0	1
slc2a2	SLC2A2	2	0	0	0	0	0	0	0	0	0	0	0	0	0	0	0	0	0	0	0	0
slc37a1	SLC37A1	2	0	0	0	0	0	0	0	0	0	1	0	0	0	0	0	0	0	0	0	1
slc40a1	SLC40A1	2	1	1	1	1	1	1	1	1	1	1	1	1	1	1	1	1	1	1	1	1
slc44a5a	SLC44A5	2	0	0	0	0	0	0	0	0	0	1	0	0	0	0	0	0	0	0	0	1
slc44a5b	SLC44A5	2	0	0	0	0	0	0	0	0	0	0	0	0	0	0	0	0	0	0	0	0
slc45a3	SLC45A3	2	0	0	0	0	0	0	0	0	0	0	0	0	0	0	0	0	0	0	0	0
slc4a11	SLC4A11	2	0	0	0	0	0	0	0	0	0	0	0	0	0	0	0	0	0	0	0	0
slc5a11	SLC5A11	2	0	0	0	0	0	0	0	0	0	0	0	0	0	0	0	0	0	0	0	0
smad3a	SMAD3	2	1	1	1	1	1	1	1	1	1	1	1	1	1	1	1	1	1	1	1	1
smad3b	SMAD3	2	0	0	0	0	0	0	0	0	0	0	0	0	0	0	0	0	0	0	0	0
smap1	SMAP1	2	1	1	1	1	1	1	1	1	1	1	1	1	1	1	1	1	1	1	1	1
smo	SMO	2	0	0	0	0	0	0	0	0	0	0	0	0	0	0	0	0	0	0	0	0
sorcs2	SORCS2	2	0	0	0	0	0	0	0	0	0	0	0	0	0	0	0	0	0	0	0	0
SORCS3	SORCS3	2	0	0	0	0	0	0	0	0	0	0	0	0	0	0	0	0	0	0	0	0
sorl1	SORL1	2	0	0	0	0	0	0	0	0	0	0	0	0	0	0	0	0	0	0	0	0
sort1b	SORT1	2	1	1	1	1	0	1	1	1	0	0	1	1	1	1	0	1	1	1	0	0
sort1a	SORT1	2	0	0	0	0	0	0	0	0	0	0	0	0	0	0	0	0	0	0	0	0
zmp:0000001114	ST14	2	0	0	0	0	0	0	0	0	0	0	0	0	0	0	0	0	0	0	0	0
stab2	STAB2	2	0	0	0	0	0	0	0	0	0	0	0	0	0	0	0	0	0	0	0	0
stra6	STRA6	2	0	0	0	0	0	0	0	0	0	0	0	0	0	0	0	0	0	0	0	0
tacr1a	TACR1	2	0	0	0	0	0	0	0	0	0	1	0	0	0	0	0	0	0	0	0	1
tacr3l	TACR3	2	0	0	0	0	0	0	0	0	0	0	0	0	0	0	0	0	0	0	0	0
tbxa2r	TBXA2R	2	0	0	0	0	0	0	0	0	0	0	0	0	0	0	0	0	0	0	0	0
tecta	TECTA	2	0	0	0	0	0	0	0	0	0	0	0	0	0	0	0	0	0	0	0	0
tectb	TECTB	2	0	0	0	0	0	0	0	0	0	0	0	0	0	0	0	0	0	0	0	0
tek	TEK	2	0	0	0	0	0	0	0	0	0	0	0	0	0	0	0	0	0	0	0	0
tfr1a	TFRC	2	0	0	0	0	0	0	0	0	0	0	0	0	0	0	0	0	0	0	0	0
tfr1b	TFRC	2	0	1	0	0	1	1	0	0	0	1	0	1	0	0	1	1	0	0	0	1
tgfbr1a	TGFBR1	2	0	0	0	0	0	0	0	0	0	0	0	0	0	0	0	0	0	0	0	0
tgfbr1b	TGFBR1	2	0	0	0	0	0	0	0	0	0	0	0	0	0	0	0	0	0	0	0	0
tgfbr2b	TGFBR2	2	0	0	0	0	0	0	0	0	0	0	0	0	0	0	0	0	0	0	0	0
tgfbr2a	TGFBR2	2	0	0	0	0	0	0	0	0	0	1	0	0	0	0	0	0	0	0	0	1
tgfbr3	TGFBR3	2	0	0	0	0	0	0	0	0	0	0	0	0	0	0	0	0	0	0	0	0
thy1	THY1	2	1	1	1	1	1	1	1	1	1	0	1	1	1	1	1	1	1	1	1	0
si:dkeyp-69c1.7	THY1	2	0	0	0	0	0	0	0	0	0	0	0	0	0	0	0	0	0	0	0	0
tie1	TIE1	2	1	1	1	1	1	1	1	1	0	0	1	1	1	1	1	1	1	1	0	0
tlr2	TLR2	2	0	0	0	0	0	0	0	0	0	0	0	0	0	0	0	0	0	0	0	0
tlr1	TLR6	2	0	0	1	0	0	1	0	1	0	0	0	0	1	0	0	1	0	1	0	0
tlr7	TLR7	2	0	0	0	0	0	0	0	0	0	1	0	0	0	0	0	0	0	0	0	1
tmed5	TMED5	2	1	1	1	1	1	1	1	1	0	0	1	1	1	1	1	1	1	1	0	0
zgc:158398	TMEM219	2	1	0	1	1	0	1	1	1	0	0	1	0	1	1	0	1	1	1	0	0
tmem222a	TMEM222	2	0	0	0	0	0	0	0	0	0	0	0	0	0	0	0	0	0	0	0	0
tmem222b	TMEM222	2	0	0	0	0	0	0	0	0	0	0	0	0	0	0	0	0	0	0	0	0
tmem67	TMEM67	2	0	0	0	0	0	0	0	0	0	0	0	0	0	0	0	0	0	0	0	0
tnfrsf11a	TNFRSF11A	2	1	1	1	1	0	1	0	1	0	0	1	1	1	1	0	1	0	1	0	0
hdr	TNFRSF14	2	0	0	0	0	0	0	0	0	0	0	0	0	0	0	0	0	0	0	0	0
cd40	TNFRSF14	2	1	1	1	1	0	1	0	1	0	1	1	1	1	1	0	1	0	1	0	1
tnfrsfa	TNFRSF14	2	1	0	1	1	0	1	0	0	0	0	1	0	1	1	0	1	0	0	0	0
tnfrsf19	TNFRSF19	2	0	0	0	0	0	0	0	0	0	0	0	0	0	0	0	0	0	0	0	0
fas	TNFRSF1A	2	1	0	0	0	0	0	0	1	0	1	1	0	0	0	0	0	0	1	0	1
si:ch211-112c15.8	TNFRSF1A	2	0	0	0	0	0	0	0	0	0	0	0	0	0	0	0	0	0	0	0	0
tnfrsf1b	TNFRSF1B	2	1	1	1	1	1	1	0	1	0	0	1	1	1	1	1	1	0	1	0	0
tnfrsf21	TNFRSF21	2	0	1	1	1	0	1	0	0	0	1	0	1	1	1	0	1	0	0	0	1
tradd	TRADD	2	1	1	1	1	1	1	1	1	0	1	1	1	1	1	1	1	1	1	0	1
traf2a	TRAF2	2	0	0	0	0	0	0	0	0	0	0	0	0	0	0	0	0	0	0	0	0
trpc3	TRPC3	2	0	0	0	0	0	0	0	0	0	0	0	0	0	0	0	0	0	0	0	0
trpc5a	TRPC5	2	0	0	0	0	0	0	0	0	0	0	0	0	0	0	0	0	0	0	0	0
trpc5b	TRPC5	2	0	0	0	0	0	0	0	0	0	0	0	0	0	0	0	0	0	0	0	0
trpm2	TRPM2	2	0	0	0	0	0	0	0	0	0	0	0	0	0	0	0	0	0	0	0	0
trpv6	TRPV6	2	0	0	0	0	0	0	0	0	0	0	0	0	0	0	0	0	0	0	0	0
tspan10	TSPAN10	2	0	0	0	0	0	0	0	0	0	0	0	0	0	0	0	0	0	0	0	0
tspan12	TSPAN12	2	0	0	0	0	0	0	0	0	0	0	0	0	0	0	0	0	0	0	0	0
tspan14	TSPAN14	2	1	1	1	1	1	1	1	1	1	1	1	1	1	1	1	1	1	1	1	1
tspan15	TSPAN15	2	0	0	0	0	0	0	0	0	0	1	0	0	0	0	0	0	0	0	0	1
tspan17	TSPAN17	2	0	0	0	0	0	0	0	0	0	0	0	0	0	0	0	0	0	0	0	0
tyro3	TYRO3	2	0	0	0	0	0	0	0	0	0	1	0	0	0	0	0	0	0	0	0	1
tyrobp	TYROBP	2	0	0	0	0	0	0	0	0	0	0	0	0	0	0	0	0	0	0	0	0
unc5b	UNC5B	2	0	0	0	0	0	0	0	0	0	0	0	0	0	0	0	0	0	0	0	0
unc5c	UNC5C	2	0	0	0	0	0	0	0	0	0	0	0	0	0	0	0	0	0	0	0	0
vangl1	VANGL1	2	0	0	0	0	0	0	0	0	0	0	0	0	0	0	0	0	0	0	0	0
vangl2	VANGL2	2	0	0	0	0	0	0	0	0	0	0	0	0	0	0	0	0	0	0	0	0
vipr2	VIPR2	2	0	0	0	0	0	0	0	0	0	0	0	0	0	0	0	0	0	0	0	0
vldlr	VLDLR	2	0	0	0	0	0	0	0	0	0	0	0	0	0	0	0	0	0	0	0	0
vtcn1	VTCN1	2	0	0	0	0	0	0	0	0	0	0	0	0	0	0	0	0	0	0	0	0
xcr1b.1	XCR1	2	0	0	0	0	0	0	0	0	0	0	0	0	0	0	0	0	0	0	0	0
xcr1a.1	XCR1	2	0	0	0	0	0	0	0	0	0	1	0	0	0	0	0	0	0	0	0	1
znrf3	ZNRF3	2	0	0	0	0	0	0	0	0	0	0	0	0	0	0	0	0	0	0	0	0